,date,open,high,low,close,volume,120,180,240
0,2018-11-13,9.09,9.45,9.04,9.39,12052860.0,,,
1,2018-11-14,9.33,9.51,9.33,9.44,8746818.0,,,
2,2018-11-15,9.5,9.53,9.4,9.46,8225006.0,,,
3,2018-11-16,9.48,10.06,9.48,10.05,27117342.0,,,
4,2018-11-19,10.01,10.17,9.88,10.07,20503548.0,,,
5,2018-11-20,9.98,9.98,9.69,9.72,13275126.0,,,
6,2018-11-21,9.59,9.77,9.55,9.68,7944645.0,,,
7,2018-11-22,9.8,10.01,9.71,9.89,11995017.0,,,
8,2018-11-23,9.86,9.87,9.33,9.47,11316521.0,,,
9,2018-11-26,9.44,9.61,9.39,9.49,5122098.0,,,
10,2018-11-27,9.51,9.64,9.45,9.51,6520826.0,,,
11,2018-11-28,9.53,10.45,9.46,10.38,36124453.0,,,
12,2018-11-29,10.4,10.42,9.82,9.82,26083749.0,,,
13,2018-11-30,9.67,9.79,9.43,9.61,14801691.0,,,
14,2018-12-03,9.8,9.98,9.7,9.82,12825576.0,,,
15,2018-12-04,9.8,9.96,9.75,9.95,9864406.0,,,
16,2018-12-05,9.76,9.85,9.69,9.73,8676020.0,,,
17,2018-12-06,9.71,9.77,9.53,9.58,7996282.0,,,
18,2018-12-07,9.58,9.66,9.46,9.51,6217643.0,,,
19,2018-12-10,9.46,9.63,9.44,9.54,5045507.0,,,
20,2018-12-11,9.61,9.8,9.55,9.66,6352743.0,,,
21,2018-12-12,9.82,9.84,9.6,9.69,3974289.0,,,
22,2018-12-13,9.69,9.8,9.66,9.73,7059311.0,,,
23,2018-12-14,9.72,9.8,9.39,9.46,13296318.0,,,
24,2018-12-17,9.48,9.62,9.39,9.57,5243735.0,,,
25,2018-12-18,9.52,9.66,9.42,9.58,4550955.0,,,
26,2018-12-19,9.56,9.59,9.45,9.48,3764564.0,,,
27,2018-12-20,9.48,9.59,9.46,9.55,4613085.0,,,
28,2018-12-21,9.56,9.63,9.48,9.58,6065995.0,,,
29,2018-12-24,9.56,9.69,9.53,9.61,4605414.0,,,
30,2018-12-25,9.47,9.51,8.94,9.32,9694717.0,,,
31,2018-12-26,9.3,9.49,9.24,9.41,6884982.0,,,
32,2018-12-27,9.5,9.73,9.46,9.62,10596266.0,,,
33,2018-12-28,9.6,9.72,9.57,9.71,8709341.0,,,
34,2019-01-02,9.75,9.8,9.61,9.75,7964811.0,,,
35,2019-01-03,9.74,9.78,9.64,9.73,6719406.0,,,
36,2019-01-04,9.64,10.03,9.58,9.96,10975823.0,,,
37,2019-01-07,9.99,10.21,9.93,10.02,12457483.0,,,
38,2019-01-08,10.01,10.08,9.91,10.04,6008506.0,,,
39,2019-01-09,9.96,10.15,9.91,9.91,8876969.0,,,
40,2019-01-10,9.93,9.97,9.79,9.8,6676721.0,,,
41,2019-01-11,9.82,9.94,9.75,9.86,5731835.0,,,
42,2019-01-14,9.88,9.9,9.75,9.78,4638458.0,,,
43,2019-01-15,9.78,9.83,9.71,9.82,7403466.0,,,
44,2019-01-16,9.86,9.88,9.71,9.75,5450713.0,,,
45,2019-01-17,9.77,9.78,9.6,9.64,4860211.0,,,
46,2019-01-18,9.65,9.75,9.53,9.68,7720053.0,,,
47,2019-01-21,9.69,9.77,9.65,9.74,4825450.0,,,
48,2019-01-22,9.75,9.75,9.46,9.51,7582707.0,,,
49,2019-01-23,9.51,9.57,9.46,9.53,3826764.0,,,
50,2019-01-24,9.54,9.58,9.43,9.58,6346985.0,,,
51,2019-01-25,9.56,9.58,9.45,9.47,5905122.0,,,
52,2019-01-28,9.51,9.62,9.48,9.51,5157169.0,,,
53,2019-01-29,9.47,9.52,9.15,9.36,7307000.0,,,
54,2019-01-30,9.32,9.43,9.26,9.3,3424162.0,,,
55,2019-01-31,9.33,9.51,9.28,9.37,6146289.0,,,
56,2019-02-01,9.37,9.53,9.32,9.53,4934796.0,,,
57,2019-02-11,9.53,9.66,9.51,9.65,6491685.0,,,
58,2019-02-12,9.65,9.86,9.62,9.81,9832191.0,,,
59,2019-02-13,9.85,10.02,9.8,9.98,12449797.0,,,
60,2019-02-14,9.96,10.06,9.94,9.99,9832715.0,,,
61,2019-02-15,10.0,10.15,9.98,9.98,10339913.0,,,
62,2019-02-18,10.03,10.32,10.03,10.29,12139714.0,,,
63,2019-02-19,10.32,10.33,10.1,10.2,12402194.0,,,
64,2019-02-20,10.21,10.24,10.06,10.2,9314555.0,,,
65,2019-02-21,10.2,10.39,10.13,10.21,11734018.0,,,
66,2019-02-22,10.26,10.8,10.26,10.74,29597553.0,,,
67,2019-02-25,10.72,11.27,10.72,11.18,34000470.0,,,
68,2019-02-26,11.22,11.35,11.0,11.07,26210778.0,,,
69,2019-02-27,11.06,11.19,10.87,11.02,23810159.0,,,
70,2019-02-28,11.03,11.08,10.8,10.8,14713628.0,,,
71,2019-03-01,10.91,11.18,10.85,11.04,19720156.0,,,
72,2019-03-04,11.58,11.82,11.29,11.35,41213933.0,,,
73,2019-03-05,11.36,11.91,11.2,11.91,46330503.0,,,
74,2019-03-06,11.81,11.91,11.56,11.73,37168064.0,,,
75,2019-03-07,11.72,11.72,11.31,11.37,53881874.0,,,
76,2019-03-08,11.24,11.37,10.8,10.8,37876915.0,,,
77,2019-03-11,10.95,11.18,10.81,11.16,30439417.0,,,
78,2019-03-12,11.24,12.28,11.23,12.28,113562721.0,,,
79,2019-03-13,12.62,12.67,11.86,11.93,102302022.0,,,
80,2019-03-14,11.86,12.03,11.33,11.55,45317532.0,,,
81,2019-03-15,11.67,12.26,11.38,11.73,61407081.0,,,
82,2019-03-18,11.75,11.91,11.6,11.85,40330018.0,,,
83,2019-03-19,11.73,12.23,11.7,12.06,44592486.0,,,
84,2019-03-20,12.03,12.19,11.58,11.77,34648945.0,,,
85,2019-03-21,11.81,12.95,11.72,12.95,123770526.0,,,
86,2019-03-22,12.89,12.89,12.26,12.49,92374290.0,,,
87,2019-03-25,12.28,12.54,12.12,12.18,50464877.0,,,
88,2019-03-26,12.21,12.28,11.73,11.8,35462115.0,,,
89,2019-03-27,11.86,11.91,11.46,11.76,21691272.0,,,
90,2019-03-28,11.7,11.9,11.37,11.41,33122447.0,,,
91,2019-03-29,11.38,11.73,11.24,11.72,30515237.0,,,
92,2019-04-01,11.77,12.09,11.77,11.99,37107757.0,,,
93,2019-04-02,12.07,12.2,11.89,11.95,32067900.0,,,
94,2019-04-03,11.9,12.46,11.85,12.38,53183757.0,,,
95,2019-04-04,12.43,12.47,12.09,12.23,39659870.0,,,
96,2019-04-08,12.28,12.36,11.82,12.01,35837400.0,,,
97,2019-04-09,11.94,12.18,11.89,12.03,19980913.0,,,
98,2019-04-10,11.92,12.0,11.77,11.9,20745284.0,,,
99,2019-04-11,11.91,11.95,11.57,11.75,23226877.0,,,
100,2019-04-12,11.77,11.91,11.68,11.84,16617871.0,,,
101,2019-04-15,11.94,12.01,11.57,11.62,21754073.0,,,
102,2019-04-16,11.6,11.76,11.35,11.76,22709988.0,,,
103,2019-04-17,11.74,11.91,11.7,11.79,17983326.0,,,
104,2019-04-18,11.75,11.81,11.54,11.55,16286066.0,,,
105,2019-04-19,11.56,11.66,11.43,11.58,14144898.0,,,
106,2019-04-22,11.59,11.84,11.54,11.57,16758047.0,,,
107,2019-04-23,11.54,11.81,11.5,11.55,15998638.0,,,
108,2019-04-24,11.56,11.6,11.24,11.38,23605632.0,,,
109,2019-04-25,11.38,11.43,11.01,11.02,16389706.0,,,
110,2019-04-26,10.99,11.05,10.77,10.78,17638188.0,,,
111,2019-04-29,10.8,10.91,10.56,10.58,14414804.0,,,
112,2019-04-30,10.7,10.82,10.67,10.77,11621350.0,,,
113,2019-05-06,10.51,10.58,9.69,9.8,30550293.0,,,
114,2019-05-07,9.82,9.95,9.7,9.91,13841070.0,,,
115,2019-05-08,9.7,9.92,9.58,9.8,11122209.0,,,
116,2019-05-09,9.77,9.87,9.69,9.72,8864243.0,,,
117,2019-05-10,9.79,9.98,9.64,9.97,14685190.0,,,
118,2019-05-13,9.89,9.91,9.79,9.86,10137631.0,,,
119,2019-05-14,9.76,10.05,9.69,9.83,14996687.0,10.463333333333326,,
120,2019-05-15,9.88,10.05,9.88,9.94,14126528.0,10.467916666666659,,
121,2019-05-16,9.91,10.06,9.89,10.03,11223179.0,10.472833333333323,,
122,2019-05-17,10.05,10.07,9.54,9.61,16593762.0,10.474083333333322,,
123,2019-05-20,9.64,9.71,9.48,9.68,12101847.0,10.470999999999991,,
124,2019-05-21,9.69,9.88,9.61,9.8,10316151.0,10.468749999999991,,
125,2019-05-22,9.81,9.87,9.64,9.73,7911258.0,10.468833333333324,,
126,2019-05-23,9.69,9.72,9.49,9.51,9733135.0,10.467416666666656,,
127,2019-05-24,9.48,9.6,9.43,9.52,8497651.0,10.464333333333322,,
128,2019-05-27,9.52,9.69,9.45,9.68,11427021.0,10.466083333333323,,
129,2019-05-28,9.68,9.79,9.6,9.75,13127648.0,10.468249999999989,,
130,2019-05-29,9.68,9.73,9.62,9.69,8009459.0,10.469749999999989,,
131,2019-05-30,9.67,9.67,9.51,9.66,8251995.0,10.463749999999989,,
132,2019-05-31,9.66,9.7,9.56,9.64,8233100.0,10.46224999999999,,
133,2019-06-03,9.62,9.68,9.48,9.56,10236437.0,10.461833333333324,,
134,2019-06-04,9.56,9.61,9.37,9.47,10092843.0,10.458916666666658,,
135,2019-06-05,9.55,9.75,9.46,9.65,14154934.0,10.456416666666659,,
136,2019-06-06,9.71,9.8,9.45,9.5,11596440.0,10.454499999999992,,
137,2019-06-10,9.51,9.56,9.43,9.5,10314365.0,10.453833333333327,,
138,2019-06-11,9.58,9.85,9.56,9.83,18086297.0,10.456499999999993,,
139,2019-06-12,9.81,9.92,9.72,9.82,14830941.0,10.458833333333326,,
140,2019-06-13,9.95,10.22,9.93,10.12,23400391.0,10.462666666666657,,
141,2019-06-14,10.07,10.17,9.86,9.88,18200261.0,10.464249999999991,,
142,2019-06-17,9.87,10.01,9.79,9.94,10830165.0,10.46599999999999,,
143,2019-06-18,9.9,9.92,9.73,9.82,9921151.0,10.46899999999999,,
144,2019-06-19,9.98,10.04,9.87,9.89,13309173.0,10.471666666666659,,
145,2019-06-20,9.88,10.1,9.82,10.06,15917558.0,10.475666666666658,,
146,2019-06-21,10.11,10.28,10.1,10.21,17658910.0,10.481749999999993,,
147,2019-06-24,10.2,10.24,10.1,10.13,10547841.0,10.486583333333327,,
148,2019-06-25,10.13,10.13,9.89,10.1,12375542.0,10.49091666666666,,
149,2019-06-26,10.03,10.11,9.95,10.08,9101716.0,10.494833333333327,,
150,2019-06-27,10.06,10.14,10.02,10.08,10648874.0,10.50116666666666,,
151,2019-06-28,10.08,10.08,9.88,10.0,8463683.0,10.506083333333326,,
152,2019-07-01,10.13,10.2,10.07,10.19,13948049.0,10.510833333333327,,
153,2019-07-02,10.18,10.23,10.09,10.16,10944918.0,10.514583333333327,,
154,2019-07-03,10.15,10.15,10.0,10.1,9890421.0,10.517499999999993,,
155,2019-07-04,10.1,10.11,9.91,9.97,11634044.0,10.519499999999994,,
156,2019-07-05,9.97,9.99,9.86,9.89,9719087.0,10.51891666666666,,
157,2019-07-08,9.9,9.9,9.48,9.52,15356867.0,10.514749999999994,,
158,2019-07-09,9.5,9.57,9.48,9.53,6312576.0,10.510499999999995,,
159,2019-07-10,9.55,9.58,9.45,9.48,7703787.0,10.50691666666666,,
160,2019-07-11,9.52,9.58,9.48,9.51,5995655.0,10.504499999999995,,
161,2019-07-12,9.52,9.56,9.47,9.52,5338865.0,10.501666666666662,,
162,2019-07-15,9.52,9.76,9.45,9.76,14038144.0,10.501499999999995,,
163,2019-07-16,9.7,9.78,9.69,9.76,6603058.0,10.500999999999996,,
164,2019-07-17,9.75,9.81,9.69,9.76,7857797.0,10.501083333333328,,
165,2019-07-18,9.75,9.75,9.64,9.64,7482704.0,10.501083333333328,,
166,2019-07-19,9.61,9.79,9.61,9.66,6705394.0,10.500916666666662,,
167,2019-07-22,9.68,9.68,9.49,9.55,6949268.0,10.499333333333329,,
168,2019-07-23,9.57,9.61,9.51,9.58,4864492.0,10.49991666666666,,
169,2019-07-24,9.58,9.69,9.58,9.64,7206850.0,10.500833333333329,,
170,2019-07-25,9.63,9.7,9.59,9.67,6435489.0,10.50158333333333,,
171,2019-07-26,9.66,9.73,9.62,9.73,6347077.0,10.503749999999997,,
172,2019-07-29,9.71,9.75,9.63,9.7,6711087.0,10.505333333333331,,
173,2019-07-30,9.7,9.79,9.67,9.74,8228836.0,10.508499999999998,,
174,2019-07-31,9.72,9.73,9.65,9.66,5361116.0,10.5115,,
175,2019-08-01,9.62,9.68,9.56,9.59,6127693.0,10.513333333333332,,
176,2019-08-02,9.45,9.48,9.34,9.38,12119061.0,10.512083333333333,,
177,2019-08-05,9.33,9.35,9.22,9.22,8489907.0,10.5085,,
178,2019-08-06,9.09,9.09,8.76,8.94,14486995.0,10.50125,,
179,2019-08-07,8.99,9.02,8.82,8.82,7234636.0,10.491583333333333,10.217499999999998,
180,2019-08-08,8.86,8.91,8.83,8.87,6246562.0,10.482249999999999,10.214611111111108,
181,2019-08-09,8.92,8.93,8.71,8.74,7226606.0,10.471916666666665,10.210722222222218,
182,2019-08-12,8.75,8.85,8.72,8.83,6386063.0,10.459749999999998,10.207222222222217,
183,2019-08-13,8.77,8.85,8.75,8.81,6390106.0,10.448166666666664,10.20033333333333,
184,2019-08-14,8.87,8.91,8.77,8.8,7840231.0,10.436499999999997,10.193277777777773,
185,2019-08-15,8.65,8.86,8.6,8.84,7859892.0,10.42508333333333,10.188388888888884,
186,2019-08-16,8.87,8.99,8.83,8.89,9400497.0,10.409666666666663,10.183999999999996,
187,2019-08-19,8.98,9.25,8.9,9.23,14197936.0,10.393416666666663,10.180333333333328,
188,2019-08-20,9.28,9.51,9.26,9.36,14495430.0,10.379166666666663,10.179722222222217,
189,2019-08-21,9.33,9.43,9.29,9.38,8234857.0,10.365499999999997,10.179111111111107,
190,2019-08-22,9.38,9.41,9.24,9.3,10419240.0,10.352999999999998,10.177944444444439,
191,2019-08-23,9.32,9.35,9.21,9.26,7982401.0,10.338166666666664,10.171722222222217,
192,2019-08-26,9.08,9.18,9.07,9.13,7148291.0,10.319666666666667,10.167888888888884,
193,2019-08-27,9.17,9.43,9.16,9.33,12376922.0,10.298166666666665,10.166333333333329,
194,2019-08-28,9.31,9.34,9.22,9.25,7736276.0,10.277499999999998,10.163166666666662,
195,2019-08-29,9.25,9.34,9.18,9.29,7250081.0,10.260166666666665,10.159499999999996,
196,2019-08-30,9.34,9.37,9.07,9.1,11728155.0,10.245999999999999,10.155999999999995,
197,2019-09-02,9.09,9.35,9.07,9.31,11345530.0,10.23058333333333,10.154499999999995,
198,2019-09-03,9.34,9.46,9.3,9.41,11149649.0,10.206666666666665,10.15394444444444,
199,2019-09-04,9.36,9.45,9.32,9.43,8951805.0,10.185833333333331,10.153333333333329,
200,2019-09-05,9.47,9.66,9.43,9.46,15359972.0,10.168416666666666,10.152222222222218,
201,2019-09-06,9.51,9.62,9.49,9.6,11386170.0,10.150666666666664,10.151722222222217,
202,2019-09-09,9.69,9.81,9.57,9.77,18020370.0,10.133333333333331,10.151944444444439,
203,2019-09-10,9.76,9.84,9.68,9.76,11573975.0,10.114166666666666,10.153611111111106,
204,2019-09-11,9.79,9.87,9.7,9.83,12947645.0,10.097999999999997,10.155055555555549,
205,2019-09-12,9.84,9.84,9.7,9.78,11294810.0,10.071583333333331,10.15616666666666,
206,2019-09-16,9.78,9.82,9.72,9.76,8006083.0,10.04883333333333,10.157722222222217,
207,2019-09-17,9.73,9.73,9.44,9.46,11778478.0,10.026166666666663,10.157222222222217,
208,2019-09-18,9.51,9.57,9.45,9.53,7397710.0,10.007249999999997,10.15694444444444,
209,2019-09-19,9.5,9.54,9.45,9.53,8325556.0,9.988666666666663,10.156499999999996,
210,2019-09-20,9.56,9.56,9.45,9.53,10425083.0,9.972999999999995,10.157666666666662,
211,2019-09-23,9.5,9.51,9.32,9.4,7204446.0,9.953666666666663,10.157611111111107,
212,2019-09-24,9.4,9.47,9.36,9.38,6098729.0,9.931916666666664,10.156277777777774,
213,2019-09-25,9.36,9.36,9.15,9.16,8908175.0,9.908666666666665,10.153222222222219,
214,2019-09-26,9.18,9.21,8.97,8.97,7916741.0,9.880249999999997,10.148888888888886,
215,2019-09-27,8.97,9.07,8.96,8.98,5520848.0,9.853166666666663,10.144722222222219,
216,2019-09-30,9.01,9.06,8.87,8.91,8211311.0,9.827333333333332,10.138888888888886,
217,2019-10-08,8.92,8.97,8.87,8.87,6346819.0,9.800999999999997,10.132499999999997,
218,2019-10-09,8.87,8.93,8.83,8.92,6182682.0,9.776166666666663,10.126277777777775,
219,2019-10-10,8.91,8.98,8.9,8.96,8693794.0,9.752916666666664,10.120999999999997,
220,2019-10-11,8.97,9.03,8.91,9.01,8268102.0,9.729333333333331,10.116611111111109,
221,2019-10-14,9.06,9.17,9.03,9.12,8506570.0,9.708499999999997,10.112499999999997,
222,2019-10-15,9.08,9.12,9.01,9.01,7280643.0,9.685583333333332,10.10822222222222,
223,2019-10-16,9.04,9.09,9.0,9.0,7878763.0,9.662333333333331,10.103666666666665,
224,2019-10-17,9.0,9.03,8.93,9.0,6692656.0,9.641083333333333,10.099499999999997,
225,2019-10-18,9.0,9.02,8.75,8.78,10950765.0,9.61775,10.09472222222222,
226,2019-10-21,8.77,8.82,8.65,8.73,10574006.0,9.594083333333334,10.08944444444444,
227,2019-10-22,8.75,8.79,8.68,8.75,7603081.0,9.57075,10.083944444444441,
228,2019-10-23,8.77,8.81,8.73,8.8,5556126.0,9.549249999999999,10.079999999999997,
229,2019-10-24,8.8,8.81,8.67,8.77,6291299.0,9.530499999999998,10.075777777777775,
230,2019-10-25,8.7,8.8,8.67,8.8,6915301.0,9.514,10.071444444444442,
231,2019-10-28,8.8,9.02,8.8,9.01,11987607.0,9.500916666666665,10.068888888888885,
232,2019-10-29,8.98,9.03,8.89,8.9,6375626.0,9.485333333333333,10.065499999999997,
233,2019-10-30,8.88,8.96,8.71,8.74,8405746.0,9.4765,10.062055555555553,
234,2019-10-31,8.77,8.78,8.68,8.77,6874655.0,9.467,10.05911111111111,
235,2019-11-01,8.72,8.77,8.64,8.73,10721504.0,9.458083333333333,10.055555555555554,
236,2019-11-04,8.7,8.78,8.69,8.7,7300177.0,9.449583333333333,10.050944444444443,
237,2019-11-05,8.71,8.77,8.68,8.73,7077434.0,9.43925,10.045833333333333,
238,2019-11-06,8.69,8.73,8.64,8.67,6750929.0,9.429333333333336,10.0395,
239,2019-11-07,8.65,8.76,8.63,8.69,5377586.0,9.419833333333337,10.032333333333334,9.94158333333334
240,2019-11-08,8.72,8.78,8.68,8.7,6314534.0,9.409500000000003,10.025166666666667,9.93870833333334
241,2019-11-11,8.7,8.7,8.45,8.47,9803235.0,9.396500000000003,10.016777777777778,9.93466666666667
242,2019-11-12,8.49,8.5,8.42,8.5,4547883.0,9.387250000000003,10.006833333333333,9.93066666666667
243,2019-11-13,8.48,8.48,8.37,8.43,5657387.0,9.376833333333337,9.997,9.923916666666669
244,2019-11-14,8.4,8.45,8.36,8.38,4239116.0,9.365000000000006,9.98688888888889,9.916875000000003
245,2019-11-15,8.4,8.45,8.36,8.4,4998593.0,9.353916666666672,9.976833333333333,9.911375000000003
246,2019-11-18,8.4,8.47,8.32,8.42,4679418.0,9.344833333333339,9.963944444444445,9.906125000000005
247,2019-11-19,8.4,8.7,8.4,8.67,10936545.0,9.337750000000007,9.950000000000001,9.901041666666673
248,2019-11-20,8.68,8.73,8.62,8.64,8050301.0,9.32908333333334,9.936500000000002,9.897583333333339
249,2019-11-21,8.6,8.64,8.54,8.6,5206548.0,9.319500000000007,9.923055555555557,9.893875000000007
250,2019-11-22,8.62,8.67,8.49,8.55,5697800.0,9.310000000000006,9.910555555555558,9.889875000000007
251,2019-11-25,8.58,8.61,8.5,8.61,4923942.0,9.301250000000005,9.897055555555557,9.882500000000006
252,2019-11-26,8.62,8.77,8.59,8.77,11545359.0,9.294000000000004,9.882722222222224,9.878125000000006
253,2019-11-27,8.69,8.71,8.59,8.63,5680609.0,9.286250000000004,9.864500000000001,9.874041666666672
254,2019-11-28,8.58,8.66,8.54,8.57,4137302.0,9.278750000000004,9.846944444444446,9.868833333333338
255,2019-11-29,8.57,8.62,8.54,8.59,3348159.0,9.269916666666669,9.831500000000002,9.863166666666674
256,2019-12-02,8.6,8.72,8.6,8.6,6006126.0,9.262416666666669,9.81927777777778,9.85845833333334
257,2019-12-03,8.57,8.63,8.55,8.61,5064546.0,9.255,9.805111111111112,9.854416666666674
258,2019-12-04,8.57,8.59,8.52,8.55,3401714.0,9.244333333333335,9.78438888888889,9.850416666666673
259,2019-12-05,8.57,8.61,8.52,8.59,5483192.0,9.234083333333334,9.765833333333333,9.846458333333342
260,2019-12-06,8.59,8.74,8.57,8.73,9615558.0,9.222500000000002,9.750166666666667,9.842583333333343
261,2019-12-09,8.73,8.81,8.66,8.77,7273557.0,9.21325,9.733722222222221,9.838750000000008
262,2019-12-10,8.75,8.86,8.67,8.83,9413443.0,9.204,9.716944444444444,9.835000000000008
263,2019-12-11,8.82,8.87,8.77,8.79,8318877.0,9.195416666666667,9.698777777777778,9.832208333333341
264,2019-12-12,8.81,8.81,8.65,8.65,8411677.0,9.185083333333333,9.681444444444445,9.828375000000007
265,2019-12-13,8.68,8.76,8.67,8.75,9780205.0,9.174166666666668,9.658111111111111,9.824916666666674
266,2019-12-16,8.76,8.87,8.75,8.86,9749293.0,9.162916666666666,9.637944444444445,9.822333333333342
267,2019-12-17,8.85,9.1,8.84,9.06,18844066.0,9.153999999999998,9.62061111111111,9.820291666666673
268,2019-12-18,9.05,9.21,9.04,9.13,17722020.0,9.145916666666666,9.605777777777778,9.818416666666675
269,2019-12-19,9.19,9.27,9.12,9.2,16504672.0,9.138583333333335,9.591555555555555,9.81670833333334
270,2019-12-20,9.19,9.22,9.07,9.11,12913639.0,9.130500000000001,9.578777777777777,9.81583333333334
271,2019-12-23,9.07,9.11,8.83,8.85,12962603.0,9.120916666666666,9.562833333333332,9.813500000000007
272,2019-12-24,8.87,8.92,8.82,8.91,8076011.0,9.11025,9.54572222222222,9.810541666666673
273,2019-12-25,8.87,8.97,8.82,8.89,9023379.0,9.099666666666668,9.528722222222221,9.807125000000006
274,2019-12-26,8.87,8.97,8.86,8.96,7965910.0,9.090166666666669,9.509722222222221,9.803833333333339
275,2019-12-27,8.95,9.08,8.89,8.9,12609491.0,9.081250000000002,9.491222222222222,9.800375000000006
276,2019-12-30,8.91,9.06,8.82,9.05,13210955.0,9.074250000000001,9.474777777777776,9.79658333333334
277,2019-12-31,9.03,9.15,9.02,9.12,12764520.0,9.070916666666667,9.458611111111109,9.79283333333334
278,2020-01-02,9.16,9.87,9.16,9.75,46572184.0,9.072750000000001,9.446666666666665,9.791625000000007
279,2020-01-03,9.71,9.97,9.65,9.89,33507921.0,9.076166666666667,9.436333333333332,9.791541666666673
280,2020-01-06,9.77,9.94,9.75,9.89,27802687.0,9.079333333333334,9.4255,9.791916666666673
281,2020-01-07,9.89,10.26,9.84,10.25,35192729.0,9.085416666666669,9.41788888888889,9.793541666666671
282,2020-01-08,10.13,10.17,9.9,10.0,27984339.0,9.087416666666668,9.408111111111111,9.794458333333337
283,2020-01-09,10.06,10.25,9.84,10.08,24089297.0,9.090083333333334,9.39861111111111,9.79554166666667
284,2020-01-10,10.07,10.1,9.88,9.89,13507662.0,9.09116666666667,9.38938888888889,9.796125000000002
285,2020-01-13,9.88,10.06,9.82,10.04,15667637.0,9.094500000000002,9.380833333333335,9.79779166666667
286,2020-01-14,10.05,10.41,10.05,10.25,30890872.0,9.099416666666666,9.373500000000002,9.800166666666671
287,2020-01-15,10.21,10.4,10.16,10.32,22011592.0,9.105833333333333,9.366666666666667,9.802583333333338
288,2020-01-16,10.3,10.32,10.08,10.18,13890716.0,9.110833333333336,9.360000000000001,9.805375000000003
289,2020-01-17,10.23,11.11,10.21,11.06,56326242.0,9.122666666666667,9.360222222222223,9.811750000000002
290,2020-01-20,11.3,12.17,11.09,11.46,96417189.0,9.137583333333334,9.364,9.819583333333336
291,2020-01-21,11.25,11.32,10.83,11.03,44049557.0,9.148416666666666,9.366500000000002,9.826083333333338
292,2020-01-22,10.98,10.98,10.28,10.48,53507525.0,9.154916666666667,9.36488888888889,9.830125000000004
293,2020-01-23,10.32,10.71,10.26,10.35,34185236.0,9.159999999999998,9.367944444444445,9.834250000000003
294,2020-02-03,9.31,9.62,9.31,9.31,43895223.0,9.15708333333333,9.364611111111111,9.834291666666669
295,2020-02-04,9.4,10.0,9.31,9.82,46794785.0,9.158999999999997,9.364722222222223,9.836166666666669
296,2020-02-05,9.95,10.41,9.81,10.41,45008180.0,9.167583333333331,9.368555555555556,9.839833333333335
297,2020-02-06,10.46,11.46,10.24,11.3,78260129.0,9.184916666666663,9.375944444444444,9.846708333333336
298,2020-02-07,11.74,12.08,11.1,11.56,76006288.0,9.206749999999996,9.38538888888889,9.854000000000003
299,2020-02-10,11.52,11.53,10.92,11.13,50321936.0,9.225999999999997,9.392611111111112,9.858791666666669
300,2020-02-11,11.25,11.37,10.78,10.87,41118157.0,9.242666666666663,9.397777777777778,9.862458333333336
301,2020-02-12,10.9,11.02,10.72,10.97,32207461.0,9.261249999999997,9.403,9.866583333333335
302,2020-02-13,11.01,11.01,10.55,10.62,37926991.0,9.276166666666663,9.408611111111112,9.867958333333336
303,2020-02-14,10.58,10.7,10.38,10.5,24130641.0,9.290249999999997,9.413166666666667,9.869208333333336
304,2020-02-17,10.52,10.93,10.48,10.89,30882440.0,9.307666666666666,9.419222222222224,9.872083333333336
305,2020-02-18,10.86,11.4,10.69,11.32,54173195.0,9.328333333333331,9.428055555555556,9.876708333333337
306,2020-02-19,11.21,11.26,10.89,10.89,41128588.0,9.344999999999999,9.435722222222223,9.877333333333336
307,2020-02-20,10.89,10.95,10.69,10.91,30932195.0,9.359,9.443444444444447,9.876208333333336
308,2020-02-21,10.87,11.22,10.81,11.01,29895679.0,9.37275,9.450833333333335,9.875958333333337
309,2020-02-24,10.94,11.16,10.76,11.02,33226925.0,9.386416666666666,9.45788888888889,9.875958333333337
310,2020-02-25,10.79,10.86,10.39,10.66,38283321.0,9.39775,9.46327777777778,9.875375000000002
311,2020-02-26,10.96,11.26,10.78,10.82,55181845.0,9.41075,9.469722222222224,9.874458333333337
312,2020-02-27,10.78,10.87,10.47,10.53,34717139.0,9.422416666666665,9.474666666666668,9.871041666666672
313,2020-02-28,10.22,10.37,9.9,9.9,31571947.0,9.427166666666666,9.476555555555557,9.862666666666673
314,2020-03-02,9.99,10.24,9.91,10.15,25036030.0,9.434666666666667,9.480333333333334,9.85608333333334
315,2020-03-03,10.62,10.68,10.23,10.37,36181613.0,9.443666666666667,9.484333333333334,9.851916666666673
316,2020-03-04,10.29,10.47,10.18,10.35,19405406.0,9.454083333333333,9.489055555555556,9.850041666666671
317,2020-03-05,10.44,10.52,10.35,10.47,20813581.0,9.463750000000001,9.494444444444444,9.847166666666672
318,2020-03-06,10.33,10.38,10.21,10.25,17000229.0,9.47075,9.496777777777778,9.838708333333336
319,2020-03-09,10.13,10.28,9.83,9.87,22869546.0,9.474416666666665,9.497055555555555,9.830125000000004
320,2020-03-10,9.85,10.08,9.7,10.02,25468468.0,9.479083333333332,9.496500000000001,9.823750000000002
321,2020-03-11,10.04,10.11,9.87,9.87,17337334.0,9.481333333333332,9.496444444444444,9.816000000000003
322,2020-03-12,9.78,9.83,9.66,9.73,17666022.0,9.480999999999998,9.495277777777776,9.807166666666669
323,2020-03-13,9.35,9.76,9.25,9.71,21198058.0,9.480583333333332,9.494666666666667,9.797375000000004
324,2020-03-16,9.72,9.85,9.36,9.45,19678311.0,9.477416666666667,9.492222222222221,9.787708333333336
325,2020-03-17,9.41,9.6,9.25,9.4,20054740.0,9.474250000000001,9.488555555555555,9.77291666666667
326,2020-03-18,9.47,9.57,9.22,9.22,14929452.0,9.469750000000001,9.483055555555556,9.759291666666671
327,2020-03-19,9.21,9.33,8.91,9.27,20543741.0,9.468166666666667,9.478277777777777,9.74716666666667
328,2020-03-20,9.31,9.34,9.03,9.25,19864858.0,9.465833333333334,9.473555555555556,9.736541666666671
329,2020-03-23,8.96,9.06,8.79,8.91,16201966.0,9.460666666666668,9.467055555555557,9.72466666666667
330,2020-03-24,8.99,9.05,8.71,8.9,19983945.0,9.45541666666667,9.460500000000001,9.714208333333337
331,2020-03-25,9.06,9.07,8.93,9.01,15559423.0,9.452166666666669,9.455000000000002,9.702916666666672
332,2020-03-26,8.96,9.01,8.89,8.92,8683472.0,9.448333333333334,9.447944444444447,9.690125000000005
333,2020-03-27,9.01,9.06,8.88,8.88,12211275.0,9.446000000000002,9.440833333333336,9.67733333333334
334,2020-03-30,8.77,8.82,8.57,8.69,12969052.0,9.443666666666669,9.433000000000003,9.66195833333334
335,2020-03-31,8.74,8.79,8.48,8.52,20529961.0,9.439833333333334,9.424944444444447,9.646500000000007
336,2020-04-01,8.51,8.61,8.44,8.44,14147714.0,9.435916666666667,9.416888888888892,9.631625000000007
337,2020-04-02,8.41,8.72,8.4,8.7,14773376.0,9.434500000000003,9.412333333333336,9.617750000000004
338,2020-04-03,8.63,8.67,8.54,8.54,10438404.0,9.431333333333335,9.406833333333337,9.603750000000003
339,2020-04-07,8.7,8.83,8.65,8.79,17475122.0,9.429916666666667,9.403000000000002,9.591416666666671
340,2020-04-08,8.73,9.08,8.73,8.98,19744729.0,9.429666666666668,9.400055555555557,9.579500000000003
341,2020-04-09,9.06,9.15,8.99,9.06,13203205.0,9.429166666666669,9.397500000000003,9.568833333333338
342,2020-04-10,9.08,9.09,8.75,8.9,15320297.0,9.428250000000002,9.392722222222226,9.55691666666667
343,2020-04-13,8.84,8.84,8.74,8.8,7232859.0,9.426583333333335,9.387388888888891,9.544458333333337
344,2020-04-14,8.82,8.93,8.79,8.93,7495860.0,9.426000000000004,9.38277777777778,9.53354166666667
345,2020-04-15,8.94,8.97,8.85,8.86,7564657.0,9.42666666666667,9.378444444444446,9.522208333333337
346,2020-04-16,8.87,8.97,8.79,8.94,9474276.0,9.428416666666669,9.374444444444446,9.511250000000002
347,2020-04-17,8.99,9.04,8.88,8.89,8298960.0,9.429583333333337,9.37077777777778,9.500166666666669
348,2020-04-20,8.92,8.97,8.87,8.91,5901505.0,9.430500000000004,9.36705555555556,9.489875000000001
349,2020-04-21,8.89,8.93,8.79,8.87,7269243.0,9.431333333333336,9.36277777777778,9.480916666666667
350,2020-04-22,8.85,8.89,8.79,8.88,6409883.0,9.432000000000006,9.358388888888891,9.473
351,2020-04-23,8.89,8.93,8.81,8.87,7456430.0,9.430833333333338,9.353611111111112,9.465875
352,2020-04-24,8.87,8.87,8.65,8.65,10464721.0,9.428750000000004,9.34777777777778,9.457041666666667
353,2020-04-27,8.72,8.8,8.6,8.61,7460367.0,9.42766666666667,9.341500000000002,9.452083333333333
354,2020-04-28,8.62,8.66,8.33,8.46,13051698.0,9.425083333333337,9.334833333333334,9.446041666666668
355,2020-04-29,8.45,8.59,8.42,8.54,7081918.0,9.423500000000002,9.329,9.440791666666666
356,2020-04-30,8.6,8.82,8.6,8.78,10461074.0,9.42416666666667,9.325666666666667,9.436875000000002
357,2020-05-06,8.72,9.02,8.7,9.01,16655283.0,9.426500000000003,9.3245,9.432875000000003
358,2020-05-07,9.01,9.03,8.84,8.87,11221700.0,9.428166666666668,9.32411111111111,9.428750000000003
359,2020-05-08,8.91,9.0,8.89,8.95,9234622.0,9.430333333333333,9.324833333333334,9.425083333333335
360,2020-05-11,8.96,9.08,8.93,8.97,10599589.0,9.432583333333334,9.32538888888889,9.421041666666667
361,2020-05-12,8.94,8.97,8.82,8.89,7201469.0,9.436083333333334,9.326222222222224,9.416291666666666
362,2020-05-13,8.83,8.89,8.82,8.86,7000104.0,9.439083333333334,9.32638888888889,9.413166666666665
363,2020-05-14,8.84,8.9,8.82,8.83,7398467.0,9.442416666666666,9.326500000000001,9.409625
364,2020-05-15,8.87,9.0,8.83,8.89,9647280.0,9.446666666666665,9.327000000000002,9.405833333333332
365,2020-05-18,8.92,8.98,8.81,8.85,9430982.0,9.450416666666664,9.327055555555557,9.402166666666664
366,2020-05-19,8.91,9.02,8.87,8.94,12801736.0,9.454749999999997,9.327333333333335,9.399791666666664
367,2020-05-20,8.92,8.92,8.79,8.85,11386978.0,9.456249999999995,9.325222222222223,9.396999999999997
368,2020-05-21,8.96,9.25,8.93,9.01,28396230.0,9.459333333333328,9.323277777777779,9.394208333333331
369,2020-05-22,9.01,9.01,8.73,8.78,18027318.0,9.46083333333333,9.319944444444445,9.390166666666666
370,2020-05-25,8.67,8.77,8.63,8.69,7707778.0,9.461999999999996,9.316555555555556,9.386
371,2020-05-26,8.69,8.83,8.69,8.8,10786773.0,9.46358333333333,9.314000000000002,9.382416666666668
372,2020-05-27,8.82,8.82,8.58,8.64,15181744.0,9.462499999999999,9.311277777777779,9.378250000000001
373,2020-05-28,8.72,9.14,8.7,8.93,27596256.0,9.464999999999998,9.309055555555558,9.375625000000001
374,2020-05-29,9.3,9.76,9.2,9.74,69459608.0,9.474749999999998,9.31177777777778,9.37675
375,2020-06-01,9.85,9.92,9.57,9.75,50280620.0,9.484416666666666,9.314333333333336,9.377166666666666
376,2020-06-02,9.89,10.17,9.74,9.81,45136498.0,9.494499999999999,9.31827777777778,9.378458333333333
377,2020-06-03,9.84,9.9,9.65,9.79,27833510.0,9.504333333333333,9.320944444444446,9.379666666666667
378,2020-06-04,9.74,9.74,9.42,9.51,30694444.0,9.512333333333334,9.321500000000002,9.378333333333334
379,2020-06-05,9.56,9.92,9.51,9.65,27092150.0,9.521166666666668,9.322722222222223,9.377625
380,2020-06-08,9.7,9.74,9.51,9.55,18382035.0,9.528,9.323222222222224,9.375250000000001
381,2020-06-09,9.54,9.59,9.4,9.5,15097803.0,9.534083333333335,9.322666666666668,9.373666666666669
382,2020-06-10,9.51,9.57,9.42,9.51,10608700.0,9.539750000000002,9.321222222222225,9.371875000000001
383,2020-06-11,9.56,9.69,9.48,9.53,19009918.0,9.545916666666669,9.319944444444447,9.370666666666668
384,2020-06-12,9.27,9.45,9.25,9.41,16967489.0,9.552250000000003,9.317611111111114,9.368666666666668
385,2020-06-15,9.35,9.67,9.34,9.51,19617135.0,9.558583333333335,9.316111111111114,9.366375000000003
386,2020-06-16,9.59,9.68,9.53,9.59,14725558.0,9.56466666666667,9.31516666666667,9.36379166666667
387,2020-06-17,9.64,9.64,9.5,9.57,12525115.0,9.568916666666668,9.31577777777778,9.361458333333337
388,2020-06-18,9.53,9.69,9.52,9.66,18386087.0,9.573333333333334,9.316500000000003,9.359625000000003
389,2020-06-19,9.62,9.86,9.61,9.69,22364817.0,9.577416666666668,9.317388888888892,9.358000000000004
390,2020-06-22,9.72,9.78,9.57,9.6,16450509.0,9.581500000000002,9.317777777777781,9.356000000000003
391,2020-06-23,9.56,9.61,9.46,9.55,12237084.0,9.587333333333335,9.318611111111114,9.354125000000005
392,2020-06-24,9.56,9.57,9.42,9.44,10656485.0,9.591750000000001,9.318944444444446,9.351000000000004
393,2020-06-29,9.38,9.42,9.28,9.31,10990164.0,9.59525,9.319777777777778,9.34745833333334
394,2020-06-30,9.37,9.48,9.33,9.4,9553126.0,9.598916666666668,9.322166666666668,9.344541666666673
395,2020-07-01,9.45,9.45,9.28,9.4,12240812.0,9.603083333333334,9.324500000000002,9.342166666666675
396,2020-07-02,9.38,9.66,9.38,9.64,20799978.0,9.608000000000002,9.328555555555557,9.341125000000007
397,2020-07-03,9.69,9.88,9.65,9.76,26272842.0,9.613333333333337,9.333500000000003,9.342125000000008
398,2020-07-06,9.82,10.4,9.81,10.25,48983925.0,9.617500000000003,9.340888888888891,9.345125000000007
399,2020-07-07,10.34,10.49,10.19,10.23,40134042.0,9.620333333333337,9.347944444444446,9.348250000000007
400,2020-07-08,10.23,10.39,10.15,10.35,29221941.0,9.624166666666667,9.355388888888891,9.351750000000006
401,2020-07-09,10.54,10.61,10.22,10.38,56479132.0,9.625250000000001,9.36238888888889,9.35533333333334
402,2020-07-10,10.34,10.76,10.28,10.55,54810884.0,9.629833333333334,9.370944444444447,9.358625000000007
403,2020-07-13,10.52,10.81,10.38,10.72,40941118.0,9.635166666666668,9.380500000000003,9.362625000000005
404,2020-07-14,10.69,10.79,10.38,10.52,39844728.0,9.640416666666669,9.388944444444446,9.36579166666667
405,2020-07-15,10.63,10.73,10.29,10.33,31038965.0,9.642833333333334,9.397555555555558,9.368666666666671
406,2020-07-16,10.3,10.39,9.92,9.92,31370059.0,9.640083333333335,9.404166666666669,9.369750000000005
407,2020-07-17,9.87,10.0,9.76,9.85,23654334.0,9.636166666666668,9.41027777777778,9.371000000000004
408,2020-07-20,9.87,10.16,9.87,10.13,22035730.0,9.635750000000002,9.417666666666669,9.37329166666667
409,2020-07-21,10.15,10.29,10.08,10.12,18029253.0,9.627916666666668,9.42516666666667,9.375291666666671
410,2020-07-22,10.09,10.25,10.03,10.13,19885030.0,9.616833333333336,9.43255555555556,9.377208333333337
411,2020-07-23,10.09,10.13,9.82,10.0,24362003.0,9.608250000000002,9.43805555555556,9.378333333333337
412,2020-07-24,9.98,10.08,9.65,9.72,23300263.0,9.60191666666667,9.442611111111114,9.378416666666672
413,2020-07-27,9.76,9.79,9.57,9.64,15834880.0,9.596000000000004,9.447611111111115,9.378000000000005
414,2020-07-28,9.67,9.77,9.53,9.59,16755718.0,9.598333333333336,9.45216666666667,9.37770833333334
415,2020-07-29,9.59,9.79,9.54,9.75,18035677.0,9.597750000000003,9.457833333333337,9.378375000000005
416,2020-07-30,9.75,9.82,9.71,9.72,15362723.0,9.592000000000004,9.463500000000003,9.379791666666671
417,2020-07-31,9.7,9.89,9.7,9.88,22399712.0,9.580166666666672,9.469888888888892,9.382541666666672
418,2020-08-03,10.02,10.37,10.01,10.35,32493249.0,9.570083333333338,9.479222222222225,9.388416666666672
419,2020-08-04,10.35,10.41,10.22,10.3,22900121.0,9.56316666666667,9.488166666666668,9.394583333333339
420,2020-08-05,10.3,10.36,10.04,10.21,22646035.0,9.557666666666671,9.496555555555558,9.400166666666673
421,2020-08-06,10.2,10.21,10.06,10.19,17164026.0,9.55116666666667,9.506111111111114,9.40620833333334
422,2020-08-07,10.2,10.26,9.94,10.14,23423994.0,9.547166666666673,9.515222222222224,9.411666666666672
423,2020-08-10,10.25,10.72,10.25,10.56,44362456.0,9.547666666666673,9.527055555555558,9.41895833333334
424,2020-08-11,10.5,10.55,10.14,10.23,31272172.0,9.542166666666672,9.537333333333335,9.424916666666672
425,2020-08-12,10.16,10.23,9.98,10.2,19232610.0,9.53283333333334,9.547333333333334,9.430583333333338
426,2020-08-13,10.2,10.25,10.09,10.11,12548833.0,9.526333333333337,9.556722222222222,9.435666666666672
427,2020-08-14,10.07,10.2,10.0,10.2,11711288.0,9.520416666666671,9.565222222222221,9.439708333333337
428,2020-08-17,10.2,10.41,10.18,10.36,18888220.0,9.515000000000004,9.574777777777777,9.443875000000004
429,2020-08-18,10.37,10.38,10.25,10.3,17086542.0,9.509000000000004,9.584222222222222,9.447708333333338
430,2020-08-19,10.32,10.33,10.15,10.16,13573687.0,9.504833333333336,9.593166666666667,9.45129166666667
431,2020-08-20,10.1,10.32,10.03,10.2,17405415.0,9.499666666666672,9.602,9.455208333333335
432,2020-08-21,10.24,10.51,10.22,10.36,28220365.0,9.498250000000004,9.610833333333334,9.460333333333335
433,2020-08-24,10.38,10.43,10.27,10.34,16212985.0,9.501916666666668,9.620333333333333,9.464541666666669
434,2020-08-25,10.37,10.44,10.17,10.22,14775338.0,9.502500000000001,9.6295,9.468583333333335
435,2020-08-26,10.35,10.66,10.32,10.39,39972301.0,9.50266666666667,9.6395,9.473166666666668
436,2020-08-27,10.85,11.38,10.73,10.77,101622089.0,9.50616666666667,9.651555555555557,9.480125000000003
437,2020-08-28,10.77,11.03,10.6,10.75,58097148.0,9.508500000000003,9.663444444444446,9.486125000000003
438,2020-08-31,10.8,10.96,10.64,10.66,41306430.0,9.511916666666671,9.67516666666667,9.491333333333335
439,2020-09-01,10.72,10.75,10.51,10.61,25295086.0,9.518083333333339,9.68638888888889,9.496250000000003
440,2020-09-02,10.55,10.75,10.55,10.68,23436395.0,9.523583333333338,9.697222222222225,9.501333333333337
441,2020-09-03,10.68,10.83,10.56,10.59,21325169.0,9.529583333333338,9.707333333333336,9.505458333333337
442,2020-09-04,10.54,10.66,10.47,10.63,21172260.0,9.537083333333339,9.717333333333336,9.50904166666667
443,2020-09-07,10.59,10.72,10.41,10.43,22475045.0,9.543083333333339,9.726444444444448,9.511833333333335
444,2020-09-08,10.43,10.52,10.35,10.45,18526296.0,9.551416666666674,9.736444444444448,9.51441666666667
445,2020-09-09,10.39,10.44,10.2,10.21,21457447.0,9.558166666666672,9.744555555555559,9.516208333333335
446,2020-09-10,10.25,10.29,9.86,9.9,29726538.0,9.56383333333334,9.750333333333337,9.516791666666668
447,2020-09-11,9.87,9.97,9.82,9.93,13504052.0,9.56933333333334,9.755166666666671,9.51875
448,2020-09-14,9.97,10.02,9.9,9.95,11257220.0,9.575166666666673,9.759722222222226,9.520499999999998
449,2020-09-15,9.99,10.01,9.89,9.98,10122759.0,9.584083333333341,9.76405555555556,9.522374999999998
450,2020-09-16,9.97,10.09,9.9,10.0,13604956.0,9.593250000000006,9.769000000000005,9.52433333333333
451,2020-09-17,10.02,10.09,9.96,10.03,10781204.0,9.601750000000006,9.775555555555561,9.526958333333331
452,2020-09-18,10.04,10.2,9.99,10.19,13909463.0,9.61233333333334,9.782666666666673,9.53033333333333
453,2020-09-21,10.2,10.22,10.1,10.11,10582476.0,9.622583333333337,9.789444444444449,9.534291666666665
454,2020-09-22,10.05,10.1,9.9,9.93,11529997.0,9.63291666666667,9.794833333333338,9.538291666666664
455,2020-09-23,10.0,10.01,9.91,9.97,6788267.0,9.645000000000005,9.800777777777782,9.542416666666664
456,2020-09-24,9.92,10.0,9.78,9.8,11550852.0,9.656333333333338,9.804944444444448,9.546124999999998
457,2020-09-25,9.83,9.88,9.75,9.79,6051833.0,9.665416666666669,9.80866666666667,9.549958333333333
458,2020-09-28,9.84,9.87,9.74,9.77,7679773.0,9.67566666666667,9.808777777777783,9.553499999999998
459,2020-09-29,9.81,9.86,9.76,9.8,6397901.0,9.684083333333337,9.808277777777782,9.556999999999999
460,2020-09-30,9.8,9.84,9.62,9.69,8971051.0,9.690000000000003,9.80716666666667,9.559833333333332
461,2020-10-09,9.78,9.91,9.74,9.86,10769313.0,9.696666666666669,9.805000000000003,9.562916666666666
462,2020-10-12,9.92,10.07,9.87,10.04,15590376.0,9.706166666666668,9.805222222222225,9.567208333333332
463,2020-10-13,10.05,10.06,9.94,10.0,8397867.0,9.71616666666667,9.804777777777781,9.571374999999998
464,2020-10-14,9.98,9.98,9.88,9.92,7823100.0,9.724416666666668,9.804944444444448,9.575208333333332
465,2020-10-15,9.94,9.96,9.82,9.82,9057662.0,9.73241666666667,9.803722222222225,9.579541666666666
466,2020-10-16,9.83,9.86,9.73,9.76,7946077.0,9.739250000000002,9.801000000000004,9.583833333333333
467,2020-10-19,9.8,9.9,9.68,9.7,8709666.0,9.746000000000002,9.79755555555556,9.587791666666666
468,2020-10-20,9.71,9.82,9.69,9.78,7632543.0,9.753250000000001,9.795333333333335,9.591874999999998
469,2020-10-21,9.78,9.83,9.63,9.72,8418514.0,9.760333333333335,9.787888888888892,9.595833333333331
470,2020-10-22,9.74,9.83,9.68,9.78,8679080.0,9.767833333333334,9.778555555555558,9.599916666666665
471,2020-10-23,9.77,9.84,9.68,9.68,8346062.0,9.774583333333336,9.77105555555556,9.60270833333333
472,2020-10-26,9.68,9.69,9.56,9.61,7514526.0,9.782583333333333,9.766222222222225,9.605666666666663
473,2020-10-27,9.59,9.61,9.48,9.54,7418923.0,9.790333333333335,9.761722222222225,9.608999999999998
474,2020-10-28,9.55,9.55,9.34,9.5,8146255.0,9.799000000000001,9.762777777777782,9.612041666666665
475,2020-10-29,9.41,9.49,9.35,9.4,7954747.0,9.806166666666668,9.760444444444449,9.614833333333332
476,2020-10-30,9.49,9.51,9.17,9.18,11211050.0,9.809500000000003,9.753611111111116,9.61683333333333
477,2020-11-02,9.18,9.26,9.13,9.22,9409161.0,9.811250000000003,9.74205555555556,9.618874999999997
478,2020-11-03,9.25,9.39,9.22,9.35,6469465.0,9.815250000000002,9.729777777777782,9.621708333333329
479,2020-11-04,9.35,9.38,9.2,9.22,8430066.0,9.817500000000003,9.71916666666667,9.623916666666663
480,2020-11-05,9.28,9.4,9.25,9.38,8408692.0,9.82091666666667,9.710888888888894,9.626749999999996
481,2020-11-06,9.35,9.4,9.26,9.35,7087766.0,9.824750000000002,9.701888888888893,9.630416666666664
482,2020-11-09,9.35,9.52,9.35,9.48,11599155.0,9.82991666666667,9.695555555555561,9.634499999999997
483,2020-11-10,9.5,9.52,9.36,9.41,11004964.0,9.834750000000005,9.689500000000006,9.638583333333331
484,2020-11-11,9.39,9.45,9.32,9.34,7296578.0,9.838500000000003,9.680888888888894,9.64258333333333
485,2020-11-12,9.34,9.42,9.32,9.35,6612685.0,9.84266666666667,9.669944444444448,9.646541666666662
486,2020-11-13,9.34,9.35,9.24,9.33,7090267.0,9.84591666666667,9.661277777777782,9.650333333333329
487,2020-11-16,9.33,9.42,9.32,9.4,6685423.0,9.850500000000004,9.652888888888892,9.653374999999995
488,2020-11-17,9.39,9.41,9.34,9.4,6869146.0,9.853750000000003,9.643944444444449,9.656541666666664
489,2020-11-18,9.38,9.53,9.35,9.46,11383816.0,9.859416666666672,9.635277777777782,9.660124999999997
490,2020-11-19,9.45,9.5,9.42,9.5,7247235.0,9.86616666666667,9.628833333333338,9.66408333333333
491,2020-11-20,9.48,9.51,9.44,9.49,5674924.0,9.871916666666671,9.62144444444445,9.667749999999995
492,2020-11-23,9.45,9.54,9.38,9.49,10572768.0,9.879000000000003,9.615666666666671,9.670749999999995
493,2020-11-24,9.49,9.57,9.44,9.51,7419400.0,9.883833333333337,9.613500000000004,9.674416666666662
494,2020-11-25,9.51,9.56,9.39,9.4,9932954.0,9.881000000000004,9.609333333333337,9.677874999999995
495,2020-11-26,9.41,9.52,9.36,9.48,9512162.0,9.878750000000004,9.604388888888893,9.681583333333327
496,2020-11-27,9.47,9.57,9.45,9.5,10027671.0,9.876166666666672,9.599666666666671,9.685333333333327
497,2020-11-30,9.5,9.63,9.48,9.51,17019099.0,9.873833333333339,9.594333333333338,9.689083333333327
498,2020-12-01,9.55,9.64,9.5,9.61,12654524.0,9.874666666666672,9.590777777777783,9.693499999999995
499,2020-12-02,9.61,9.65,9.56,9.62,11666490.0,9.874416666666669,9.589388888888893,9.69779166666666
500,2020-12-03,9.63,9.75,9.58,9.75,15382967.0,9.876083333333336,9.587888888888894,9.702041666666661
501,2020-12-04,9.75,9.78,9.59,9.64,12161964.0,9.877250000000004,9.586611111111116,9.70566666666666
502,2020-12-07,9.61,9.63,9.5,9.53,9924419.0,9.87741666666667,9.585500000000005,9.708583333333328
503,2020-12-08,9.56,9.59,9.38,9.39,11234266.0,9.876250000000004,9.583722222222228,9.711083333333328
504,2020-12-09,9.39,9.42,9.19,9.2,12693826.0,9.874500000000005,9.58233333333334,9.713374999999992
505,2020-12-10,9.2,9.27,9.17,9.21,7223748.0,9.872000000000005,9.581277777777784,9.71529166666666
506,2020-12-11,9.21,9.23,8.98,8.99,15410756.0,9.867000000000006,9.580000000000005,9.715833333333325
507,2020-12-14,9.03,9.08,8.94,9.02,7074624.0,9.862416666666672,9.578611111111117,9.715666666666658
508,2020-12-15,9.0,9.09,8.98,9.06,5718669.0,9.857416666666671,9.577555555555561,9.715374999999991
509,2020-12-16,9.07,9.09,8.96,8.98,5708152.0,9.851500000000005,9.57794444444445,9.714458333333324
510,2020-12-17,9.0,9.07,8.86,9.06,8175138.0,9.847000000000005,9.578833333333337,9.714249999999991
511,2020-12-18,9.04,9.09,9.01,9.04,5255087.0,9.842750000000004,9.579000000000004,9.715041666666657
512,2020-12-21,9.04,9.13,8.99,9.09,6038079.0,9.839833333333337,9.579944444444447,9.715791666666659
513,2020-12-22,9.08,9.08,8.89,8.9,8574467.0,9.836416666666672,9.580055555555559,9.715833333333327
514,2020-12-23,8.91,9.01,8.91,8.97,6515688.0,9.832833333333337,9.581611111111114,9.715874999999992
515,2020-12-24,8.99,8.99,8.73,8.74,11860232.0,9.827333333333337,9.582833333333337,9.715208333333324
516,2020-12-25,8.75,8.85,8.71,8.81,5278646.0,9.820416666666668,9.58488888888889,9.714208333333323
517,2020-12-28,8.84,8.85,8.73,8.75,5962841.0,9.812000000000003,9.58516666666667,9.712666666666657
518,2020-12-29,8.75,8.88,8.7,8.8,5955827.0,9.799916666666668,9.586611111111113,9.708708333333325
519,2020-12-30,8.85,8.85,8.76,8.83,6076136.0,9.788250000000001,9.586833333333335,9.704291666666657
520,2020-12-31,8.83,9.0,8.81,8.94,7440888.0,9.776500000000002,9.586611111111113,9.700333333333326
521,2021-01-04,8.95,9.06,8.92,9.02,8738779.0,9.765166666666667,9.58638888888889,9.695208333333325
522,2021-01-05,9.04,9.04,8.94,9.01,7672179.0,9.752333333333334,9.587000000000002,9.691083333333326
523,2021-01-06,9.04,9.04,8.92,8.94,7087367.0,9.737500000000002,9.58777777777778,9.686333333333327
524,2021-01-07,8.99,9.0,8.75,8.83,11870690.0,9.723416666666669,9.587222222222223,9.68191666666666
525,2021-01-08,8.8,9.15,8.71,9.1,17746674.0,9.713166666666668,9.588555555555557,9.677999999999994
526,2021-01-11,9.07,9.19,8.95,8.99,12336512.0,9.705416666666668,9.588833333333335,9.672749999999992
527,2021-01-12,8.96,9.06,8.92,9.03,8381307.0,9.698583333333335,9.589611111111111,9.667374999999993
528,2021-01-13,9.0,9.06,8.86,9.05,11817389.0,9.689583333333333,9.590388888888889,9.662666666666661
529,2021-01-14,9.01,9.28,8.97,9.2,17955018.0,9.681916666666668,9.592222222222222,9.65491666666666
530,2021-01-15,9.13,9.23,9.08,9.13,9629241.0,9.673583333333335,9.593611111111112,9.645208333333327
531,2021-01-18,9.12,9.21,9.06,9.08,8527710.0,9.665916666666668,9.594777777777779,9.637083333333326
532,2021-01-19,9.09,9.16,9.01,9.12,7250895.0,9.660916666666667,9.597388888888888,9.63141666666666
533,2021-01-20,9.09,9.13,8.99,9.06,8784966.0,9.656083333333331,9.59988888888889,9.626041666666659
534,2021-01-21,9.05,9.12,9.0,9.07,8867874.0,9.651749999999998,9.603277777777777,9.62504166666666
535,2021-01-22,9.06,9.06,8.86,8.9,11025368.0,9.644666666666666,9.605277777777777,9.621208333333326
536,2021-01-25,8.86,8.93,8.76,8.8,9489474.0,9.636999999999999,9.60538888888889,9.614499999999994
537,2021-01-26,8.81,8.84,8.76,8.78,5781090.0,9.627833333333331,9.604111111111111,9.603999999999994
538,2021-01-27,8.78,8.95,8.77,8.85,7485008.0,9.61533333333333,9.604000000000001,9.592708333333327
539,2021-01-28,8.81,9.03,8.8,8.93,12243594.0,9.603916666666665,9.60388888888889,9.58354166666666
540,2021-01-29,8.85,8.96,8.71,8.72,11589059.0,9.591499999999998,9.602500000000001,9.574583333333326
541,2021-02-01,8.72,8.79,8.61,8.65,8720089.0,9.578666666666665,9.601166666666668,9.56491666666666
542,2021-02-02,8.66,8.72,8.58,8.66,6391594.0,9.566333333333331,9.600055555555556,9.556749999999994
543,2021-02-03,8.63,8.66,8.52,8.53,8306688.0,9.549416666666666,9.59838888888889,9.548541666666662
544,2021-02-04,8.52,8.52,8.22,8.32,13404354.0,9.533499999999998,9.595222222222223,9.53783333333333
545,2021-02-05,8.34,8.39,8.27,8.28,5658812.0,9.517499999999997,9.592055555555557,9.525166666666662
546,2021-02-08,8.28,8.42,8.22,8.32,6056293.0,9.50258333333333,9.588611111111112,9.51445833333333
547,2021-02-09,8.36,8.42,8.28,8.4,6356964.0,9.487583333333331,9.586111111111112,9.503999999999998
548,2021-02-10,8.41,8.45,8.35,8.43,6212380.0,9.471499999999999,9.58288888888889,9.493249999999996
549,2021-02-18,8.53,8.64,8.52,8.58,8841796.0,9.457166666666666,9.581777777777779,9.48308333333333
550,2021-02-19,8.59,8.84,8.52,8.82,11641012.0,9.445999999999998,9.582500000000001,9.475416666666664
551,2021-02-22,8.83,8.98,8.8,8.8,15211000.0,9.434333333333331,9.582500000000001,9.466999999999997
552,2021-02-23,8.8,8.88,8.72,8.73,7918535.0,9.420749999999998,9.583,9.459499999999997
553,2021-02-24,8.75,8.87,8.7,8.73,10348574.0,9.407333333333332,9.581888888888889,9.454624999999997
554,2021-02-25,8.78,8.84,8.68,8.71,11118766.0,9.394749999999998,9.576166666666667,9.448624999999996
555,2021-02-26,8.66,8.73,8.59,8.63,10335126.0,9.380083333333333,9.569944444444445,9.441374999999997
556,2021-03-01,9.0,9.2,8.96,9.05,30474857.0,9.365749999999998,9.565722222222224,9.435958333333332
557,2021-03-02,9.03,9.1,8.97,9.01,13818828.0,9.351249999999999,9.56138888888889,9.429875000000001
558,2021-03-03,9.01,9.21,9.0,9.18,17251545.0,9.338916666666666,9.559555555555557,9.425416666666667
559,2021-03-04,9.1,9.22,9.09,9.16,12087737.0,9.326833333333333,9.556833333333335,9.422458333333333
560,2021-03-05,9.14,9.26,9.13,9.18,11837834.0,9.314333333333334,9.55477777777778,9.418958333333332
561,2021-03-08,9.26,9.43,9.24,9.24,14231343.0,9.303083333333335,9.553333333333335,9.416333333333332
562,2021-03-09,9.25,9.33,9.06,9.15,14674479.0,9.290750000000001,9.551333333333336,9.413916666666665
563,2021-03-10,9.15,9.25,9.04,9.05,10666560.0,9.27925,9.54866666666667,9.411166666666666
564,2021-03-11,9.06,9.35,9.01,9.25,17025351.0,9.26925,9.54777777777778,9.410333333333334
565,2021-03-12,9.3,9.4,9.21,9.36,16256174.0,9.262166666666666,9.546944444444446,9.410166666666667
566,2021-03-15,9.41,9.52,9.32,9.48,18477296.0,9.258666666666665,9.546333333333335,9.41125
567,2021-03-16,9.54,9.6,9.46,9.58,12837919.0,9.255749999999997,9.546388888888892,9.412541666666668
568,2021-03-17,9.57,9.64,9.53,9.57,11495730.0,9.252583333333328,9.54588888888889,9.413875
569,2021-03-18,9.62,9.64,9.53,9.59,12026558.0,9.249333333333329,9.545333333333334,9.416708333333336
570,2021-03-19,9.55,9.62,9.43,9.5,14133378.0,9.24516666666666,9.544777777777778,9.419208333333335
571,2021-03-22,9.49,9.73,9.47,9.68,13797347.0,9.242249999999995,9.545500000000002,9.422
572,2021-03-23,9.7,9.72,9.58,9.67,10879028.0,9.237916666666662,9.546777777777779,9.425125000000001
573,2021-03-24,9.62,9.78,9.62,9.68,10942548.0,9.23433333333333,9.548833333333336,9.428458333333333
574,2021-03-25,9.69,9.73,9.61,9.63,8218613.0,9.23183333333333,9.550111111111114,9.432375
575,2021-03-26,9.64,9.68,9.54,9.6,9604849.0,9.228749999999996,9.551222222222224,9.436874999999999
576,2021-03-29,9.6,9.63,9.49,9.56,9524837.0,9.226749999999997,9.550777777777778,9.441541666666666
577,2021-03-30,9.51,9.53,9.46,9.51,7511649.0,9.224416666666663,9.54938888888889,9.444916666666668
578,2021-03-31,9.51,9.63,9.45,9.61,8380855.0,9.22308333333333,9.545833333333333,9.449375000000002
579,2021-04-01,9.61,9.65,9.45,9.6,13356616.0,9.221416666666663,9.542333333333334,9.452750000000002
580,2021-04-02,9.61,9.66,9.55,9.58,9443389.0,9.220499999999994,9.538055555555555,9.455250000000001
581,2021-04-06,9.59,9.61,9.48,9.48,8259363.0,9.217333333333329,9.533055555555555,9.457
582,2021-04-07,9.48,9.49,9.39,9.42,9360292.0,9.212166666666663,9.526777777777777,9.459166666666668
583,2021-04-08,9.39,9.4,9.32,9.35,8144092.0,9.206749999999996,9.519166666666665,9.461458333333333
584,2021-04-09,9.33,9.43,9.31,9.39,6089801.0,9.20233333333333,9.512888888888888,9.463375000000001
585,2021-04-12,9.37,9.44,9.34,9.37,6233826.0,9.198583333333328,9.507555555555555,9.465499999999999
586,2021-04-13,9.35,9.4,9.23,9.28,7420756.0,9.194583333333329,9.504,9.466916666666666
587,2021-04-14,9.25,9.4,9.25,9.38,5544948.0,9.191916666666662,9.501388888888888,9.468958333333335
588,2021-04-15,9.38,9.4,9.25,9.29,4646361.0,9.187833333333328,9.496722222222221,9.470541666666668
589,2021-04-16,9.3,9.48,9.29,9.46,8432657.0,9.185666666666663,9.493055555555555,9.473000000000003
590,2021-04-19,9.48,9.55,9.45,9.49,7033748.0,9.183249999999996,9.4895,9.475541666666667
591,2021-04-20,9.54,9.59,9.43,9.44,8641281.0,9.181249999999997,9.48638888888889,9.477916666666667
592,2021-04-21,9.42,9.44,9.3,9.31,5542570.0,9.178749999999997,9.48411111111111,9.480666666666668
593,2021-04-22,9.31,9.35,9.23,9.25,5374580.0,9.17633333333333,9.481944444444443,9.483333333333333
594,2021-04-23,9.24,9.26,9.06,9.08,9189802.0,9.17283333333333,9.47911111111111,9.485916666666666
595,2021-04-26,9.07,9.14,9.03,9.03,5664813.0,9.169749999999995,9.47511111111111,9.487958333333333
596,2021-04-27,9.02,9.05,8.93,8.93,5813301.0,9.167666666666662,9.470722222222221,9.488583333333333
597,2021-04-28,8.92,8.99,8.89,8.95,6115669.0,9.165416666666662,9.465555555555554,9.488333333333332
598,2021-04-29,8.95,9.08,8.95,9.04,5837750.0,9.16283333333333,9.458277777777777,9.489041666666663
599,2021-04-30,8.97,9.01,8.77,8.8,12229898.0,9.159333333333329,9.449944444444442,9.488416666666666
