,date,open,high,low,close,volume,120,180,240
0,2018-11-13,12.19,12.32,12.1,12.23,4515616.0,,,
1,2018-11-14,12.27,12.33,12.06,12.14,3975794.0,,,
2,2018-11-15,12.12,12.18,12.06,12.15,3666686.0,,,
3,2018-11-16,12.18,12.18,11.99,12.15,4179893.0,,,
4,2018-11-19,12.22,12.9,12.2,12.82,10842980.0,,,
5,2018-11-20,12.73,12.74,12.26,12.26,6669533.0,,,
6,2018-11-21,12.1,12.24,11.99,12.17,3574782.0,,,
7,2018-11-22,12.19,12.36,12.09,12.18,2467602.0,,,
8,2018-11-23,12.27,12.27,11.79,12.03,4103194.0,,,
9,2018-11-26,11.94,11.99,11.78,11.96,2235733.0,,,
10,2018-11-27,11.97,11.98,11.85,11.91,1246695.0,,,
11,2018-11-28,11.85,11.92,11.77,11.89,1596223.0,,,
12,2018-11-29,11.89,11.96,11.82,11.83,1924064.0,,,
13,2018-11-30,11.83,11.87,11.34,11.56,3071185.0,,,
14,2018-12-03,11.65,11.83,11.59,11.8,2560542.0,,,
15,2018-12-04,11.78,11.84,11.66,11.84,1833868.0,,,
16,2018-12-05,11.67,12.12,11.65,11.95,2489500.0,,,
17,2018-12-06,11.97,12.0,11.77,11.86,1465900.0,,,
18,2018-12-07,11.7,12.14,11.7,11.98,1555533.0,,,
19,2018-12-10,11.94,11.94,11.71,11.77,1365000.0,,,
20,2018-12-11,11.75,11.89,11.69,11.85,974000.0,,,
21,2018-12-12,11.92,11.93,11.82,11.85,843610.0,,,
22,2018-12-13,11.93,11.97,11.68,11.89,1195128.0,,,
23,2018-12-14,11.92,11.92,11.77,11.77,953300.0,,,
24,2018-12-17,11.77,11.83,11.49,11.65,656583.0,,,
25,2018-12-18,11.72,11.82,11.55,11.71,614459.0,,,
26,2018-12-19,11.74,11.98,11.63,11.73,1026455.0,,,
27,2018-12-20,11.66,11.83,11.64,11.67,567304.0,,,
28,2018-12-21,11.63,11.67,11.31,11.38,1075185.0,,,
29,2018-12-24,11.28,11.44,11.26,11.44,599800.0,,,
30,2018-12-25,11.41,11.41,10.9,11.15,866702.0,,,
31,2018-12-26,11.14,11.28,11.01,11.13,443280.0,,,
32,2018-12-27,11.24,11.26,10.9,10.92,633420.0,,,
33,2018-12-28,10.94,11.0,10.76,10.98,611686.0,,,
34,2019-01-02,10.93,11.01,10.67,10.69,817220.0,,,
35,2019-01-03,10.7,10.72,10.5,10.52,637869.0,,,
36,2019-01-04,10.47,10.79,10.4,10.76,833388.0,,,
37,2019-01-07,10.77,11.3,10.77,11.23,1648050.0,,,
38,2019-01-08,11.22,11.26,11.03,11.1,781700.0,,,
39,2019-01-09,11.13,11.34,11.11,11.24,869622.0,,,
40,2019-01-10,11.24,11.24,11.04,11.07,740707.0,,,
41,2019-01-11,11.07,11.16,10.98,11.11,710522.0,,,
42,2019-01-14,11.11,11.11,10.86,10.94,698741.0,,,
43,2019-01-15,10.93,11.05,10.89,11.03,467020.0,,,
44,2019-01-16,11.09,11.74,11.02,11.35,1619549.0,,,
45,2019-01-17,11.35,11.36,11.08,11.11,1203205.0,,,
46,2019-01-18,11.05,11.26,11.05,11.2,658869.0,,,
47,2019-01-21,11.29,11.29,11.11,11.14,559218.0,,,
48,2019-01-22,11.17,11.23,10.97,11.02,429050.0,,,
49,2019-01-23,11.07,11.24,11.05,11.15,493361.0,,,
50,2019-01-24,11.16,11.2,11.01,11.07,486752.0,,,
51,2019-01-25,11.09,11.24,11.04,11.06,648000.0,,,
52,2019-01-28,11.08,11.24,11.05,11.06,456801.0,,,
53,2019-01-29,11.06,11.16,10.81,10.92,575641.0,,,
54,2019-01-30,10.88,11.02,10.83,10.92,459400.0,,,
55,2019-01-31,10.92,11.06,10.87,10.89,463873.0,,,
56,2019-02-01,10.99,11.15,10.84,11.07,543496.0,,,
57,2019-02-11,11.07,11.24,10.99,11.21,745410.0,,,
58,2019-02-12,11.22,11.65,11.19,11.57,1572910.0,,,
59,2019-02-13,11.55,11.62,11.38,11.58,1694000.0,,,
60,2019-02-14,11.54,11.83,11.48,11.7,1614801.0,,,
61,2019-02-15,11.7,11.74,11.45,11.55,1591214.0,,,
62,2019-02-18,11.67,11.82,11.57,11.81,2030615.0,,,
63,2019-02-19,12.1,12.37,11.78,11.97,4648663.0,,,
64,2019-02-20,11.9,12.07,11.88,12.01,1995549.0,,,
65,2019-02-21,11.93,12.0,11.76,11.8,2326843.0,,,
66,2019-02-22,11.75,11.86,11.6,11.81,2618257.0,,,
67,2019-02-25,11.85,12.48,11.85,12.32,6281347.0,,,
68,2019-02-26,12.32,12.4,12.05,12.19,4445950.0,,,
69,2019-02-27,12.19,12.38,12.09,12.19,3192405.0,,,
70,2019-02-28,12.19,12.33,12.15,12.32,2825869.0,,,
71,2019-03-01,12.35,12.4,12.19,12.28,2333722.0,,,
72,2019-03-04,12.35,12.71,12.27,12.5,5566265.0,,,
73,2019-03-05,12.43,12.83,12.37,12.83,3826228.0,,,
74,2019-03-06,12.99,13.26,12.84,13.26,5086528.0,,,
75,2019-03-07,13.35,13.35,13.03,13.17,4415900.0,,,
76,2019-03-08,13.07,13.07,12.26,12.29,3938122.0,,,
77,2019-03-11,12.29,12.58,12.19,12.54,3140117.0,,,
78,2019-03-12,12.56,12.8,12.54,12.66,3965415.0,,,
79,2019-03-13,12.67,13.01,12.53,12.72,4743880.0,,,
80,2019-03-14,12.53,12.71,12.21,12.3,3273092.0,,,
81,2019-03-15,12.29,12.68,12.29,12.52,2640859.0,,,
82,2019-03-18,12.52,12.81,12.46,12.76,5632655.0,,,
83,2019-03-19,12.78,13.01,12.78,12.91,5592173.0,,,
84,2019-03-20,12.91,12.97,12.58,12.83,3693149.0,,,
85,2019-03-21,12.8,12.99,12.8,12.9,4038115.0,,,
86,2019-03-22,12.82,12.97,12.67,12.83,2911123.0,,,
87,2019-03-25,12.65,12.79,12.6,12.67,3466488.0,,,
88,2019-03-26,12.67,12.79,12.23,12.32,2444800.0,,,
89,2019-03-27,12.35,12.41,12.16,12.32,1616402.0,,,
90,2019-03-28,12.32,12.44,12.1,12.12,2016802.0,,,
91,2019-03-29,12.24,12.42,12.02,12.38,5074212.0,,,
92,2019-04-01,12.43,12.88,12.43,12.79,7069378.0,,,
93,2019-04-02,12.86,12.97,12.76,12.92,5427994.0,,,
94,2019-04-03,12.96,13.2,12.86,13.13,7415967.0,,,
95,2019-04-04,13.37,13.5,12.92,13.01,11918950.0,,,
96,2019-04-08,13.05,13.22,12.73,12.89,7900399.0,,,
97,2019-04-09,12.93,13.25,12.91,13.14,9691053.0,,,
98,2019-04-10,13.11,13.5,13.02,13.39,9467292.0,,,
99,2019-04-11,13.51,13.58,12.95,13.13,6978075.0,,,
100,2019-04-12,13.14,13.21,12.97,13.12,5060001.0,,,
101,2019-04-15,12.53,12.72,12.37,12.39,12097638.0,,,
102,2019-04-16,12.34,12.35,11.87,12.26,6527551.0,,,
103,2019-04-17,12.26,12.28,12.08,12.22,4443933.0,,,
104,2019-04-18,12.18,12.18,11.97,11.99,5069592.0,,,
105,2019-04-19,11.99,12.09,11.89,12.06,4338387.0,,,
106,2019-04-22,12.04,12.08,11.72,11.78,5629300.0,,,
107,2019-04-23,11.77,11.88,11.59,11.84,3909521.0,,,
108,2019-04-24,11.77,11.85,11.65,11.83,2685249.0,,,
109,2019-04-25,11.87,11.87,11.38,11.4,4033759.0,,,
110,2019-04-26,11.39,11.39,11.09,11.09,3454400.0,,,
111,2019-04-29,11.1,11.16,10.74,10.78,3214394.0,,,
112,2019-04-30,10.71,11.12,10.7,11.07,2516031.0,,,
113,2019-05-06,10.83,10.88,10.39,10.51,3561772.0,,,
114,2019-05-07,10.58,10.72,10.46,10.63,2464696.0,,,
115,2019-05-08,10.49,10.77,10.42,10.67,2037502.0,,,
116,2019-05-09,10.58,10.73,10.52,10.57,1298802.0,,,
117,2019-05-10,10.62,10.79,10.48,10.78,2976952.0,,,
118,2019-05-13,10.71,10.71,10.61,10.63,1540400.0,,,
119,2019-05-14,10.53,10.57,10.4,10.51,2354142.0,11.824333333333335,,
120,2019-05-15,10.57,10.63,10.48,10.62,2076706.0,11.810916666666667,,
121,2019-05-16,10.58,10.82,10.55,10.78,2877017.0,11.799583333333334,,
122,2019-05-17,10.78,10.79,10.4,10.42,2668937.0,11.785166666666667,,
123,2019-05-20,10.39,10.48,10.06,10.13,1947856.0,11.768333333333334,,
124,2019-05-21,10.06,10.28,10.06,10.26,1646644.0,11.747000000000002,,
125,2019-05-22,10.28,10.28,10.03,10.06,1505244.0,11.728666666666667,,
126,2019-05-23,10.04,10.09,9.83,9.85,1486200.0,11.709333333333332,,
127,2019-05-24,9.85,9.92,9.84,9.85,1018671.0,11.689916666666665,,
128,2019-05-27,9.86,10.07,9.81,10.04,1427740.0,11.67333333333333,,
129,2019-05-28,10.04,10.16,9.98,9.98,986909.0,11.656833333333331,,
130,2019-05-29,9.98,10.07,9.97,10.02,936500.0,11.64108333333333,,
131,2019-05-30,9.99,9.99,9.85,9.92,846886.0,11.624666666666663,,
132,2019-05-31,9.89,9.98,9.86,9.86,1034674.0,11.608249999999996,,
133,2019-06-03,9.91,9.91,9.76,9.76,1142300.0,11.593249999999996,,
134,2019-06-04,9.79,9.79,9.61,9.64,1060502.0,11.575249999999999,,
135,2019-06-05,9.74,9.74,9.64,9.65,870579.0,11.556999999999999,,
136,2019-06-06,9.67,9.71,9.35,9.37,1231492.0,11.535499999999997,,
137,2019-06-10,9.4,9.67,9.38,9.62,1357100.0,11.51683333333333,,
138,2019-06-11,9.66,9.94,9.64,9.93,1365052.0,11.499749999999999,,
139,2019-06-12,9.91,9.91,9.76,9.79,944800.0,11.483249999999998,,
140,2019-06-13,9.85,9.93,9.72,9.89,908618.0,11.466916666666666,,
141,2019-06-14,9.92,9.99,9.79,9.82,1002718.0,11.45,,
142,2019-06-17,9.7,9.87,9.7,9.75,766300.0,11.432166666666665,,
143,2019-06-18,9.75,9.77,9.65,9.69,577900.0,11.414833333333332,,
144,2019-06-19,9.83,9.94,9.8,9.84,1050200.0,11.39975,,
145,2019-06-20,9.84,10.01,9.79,9.94,1408602.0,11.384999999999998,,
146,2019-06-21,9.98,10.3,9.97,10.16,1661065.0,11.371916666666666,,
147,2019-06-24,10.15,10.2,10.07,10.11,882039.0,11.358916666666664,,
148,2019-06-25,10.18,10.18,9.91,9.98,1127141.0,11.347249999999997,,
149,2019-06-26,9.97,10.06,9.94,10.01,744713.0,11.33533333333333,,
150,2019-06-27,10.1,10.1,9.94,9.95,965957.0,11.32533333333333,,
151,2019-06-28,9.95,9.96,9.79,9.82,1043501.0,11.314416666666661,,
152,2019-07-01,9.95,10.03,9.95,10.0,1576206.0,11.306749999999994,,
153,2019-07-02,10.02,10.07,9.95,9.99,1337622.0,11.298499999999994,,
154,2019-07-03,9.99,10.04,9.94,9.96,1088244.0,11.29241666666666,,
155,2019-07-04,10.03,10.23,10.01,10.06,2354345.0,11.288583333333326,,
156,2019-07-05,10.13,10.16,10.06,10.1,904790.0,11.283083333333327,,
157,2019-07-08,10.05,10.06,9.68,9.72,1356702.0,11.270499999999993,,
158,2019-07-09,9.7,9.82,9.64,9.69,1050467.0,11.258749999999994,,
159,2019-07-10,9.69,9.73,9.49,9.55,1247978.0,11.24466666666666,,
160,2019-07-11,9.6,9.64,9.48,9.51,834900.0,11.23166666666666,,
161,2019-07-12,9.54,9.62,9.49,9.59,680900.0,11.218999999999994,,
162,2019-07-15,9.58,9.58,9.3,9.49,1184102.0,11.206916666666661,,
163,2019-07-16,9.47,9.56,9.46,9.52,734712.0,11.194333333333327,,
164,2019-07-17,9.52,9.63,9.46,9.55,1073776.0,11.179333333333327,,
165,2019-07-18,9.51,9.51,9.34,9.39,869900.0,11.164999999999996,,
166,2019-07-19,9.39,9.57,9.34,9.5,1126040.0,11.15083333333333,,
167,2019-07-22,9.74,9.84,9.42,9.46,2819197.0,11.136833333333328,,
168,2019-07-23,9.4,9.45,9.31,9.37,1361017.0,11.123083333333328,,
169,2019-07-24,9.35,9.47,9.32,9.43,1181123.0,11.108749999999993,,
170,2019-07-25,9.4,9.52,9.36,9.41,694951.0,11.094916666666661,,
171,2019-07-26,9.39,9.45,9.36,9.42,725319.0,11.081249999999995,,
172,2019-07-29,9.42,9.44,9.35,9.39,585885.0,11.06733333333333,,
173,2019-07-30,9.37,9.45,9.35,9.37,586485.0,11.054416666666663,,
174,2019-07-31,9.35,9.38,9.24,9.27,1002526.0,11.040666666666661,,
175,2019-08-01,9.27,9.3,9.12,9.14,940140.0,11.026083333333329,,
176,2019-08-02,8.92,9.02,8.78,8.95,1618742.0,11.008416666666664,,
177,2019-08-05,8.9,8.99,8.84,8.87,740502.0,10.988916666666661,,
178,2019-08-06,8.9,8.9,7.98,8.6,1513900.0,10.964166666666662,,
179,2019-08-07,8.65,8.69,8.48,8.56,799716.0,10.938999999999995,11.123833333333334,
180,2019-08-08,8.56,8.8,8.56,8.73,1228420.0,10.914249999999994,11.104388888888888,
181,2019-08-09,8.74,8.82,8.61,8.61,619802.0,10.889749999999994,11.084777777777777,
182,2019-08-12,8.68,8.78,8.61,8.77,663306.0,10.864416666666662,11.065999999999999,
183,2019-08-13,8.74,8.76,8.62,8.69,482426.0,10.837083333333329,11.046777777777775,
184,2019-08-14,8.75,8.84,8.75,8.78,651157.0,10.810166666666662,11.024333333333331,
185,2019-08-15,8.67,9.04,8.58,9.03,1145450.0,10.787083333333328,11.006388888888887,
186,2019-08-16,8.93,8.96,8.8,8.8,888400.0,10.761999999999995,10.987666666666664,
187,2019-08-19,9.09,9.36,9.04,9.29,3868151.0,10.736749999999995,10.971611111111107,
188,2019-08-20,9.25,9.4,9.16,9.2,2644316.0,10.711833333333328,10.955888888888886,
189,2019-08-21,9.18,9.27,9.14,9.19,1603216.0,10.686833333333329,10.940499999999997,
190,2019-08-22,9.27,9.36,9.17,9.35,2329444.0,10.662083333333328,10.926277777777774,
191,2019-08-23,9.35,9.37,9.08,9.25,1350037.0,10.636833333333328,10.911611111111107,
192,2019-08-26,9.1,9.24,9.0,9.11,1274734.0,10.608583333333327,10.896499999999996,
193,2019-08-27,9.11,9.24,9.09,9.15,1373397.0,10.577916666666662,10.883111111111107,
194,2019-08-28,9.15,9.19,9.09,9.16,672900.0,10.543749999999996,10.868444444444442,
195,2019-08-29,9.17,9.87,9.1,9.55,3731567.0,10.513583333333328,10.85572222222222,
196,2019-08-30,9.49,9.49,9.22,9.27,2214819.0,10.488416666666662,10.84083333333333,
197,2019-09-02,9.28,9.41,9.21,9.32,1270524.0,10.461583333333328,10.82672222222222,
198,2019-09-03,9.33,9.61,9.3,9.46,1769600.0,10.43491666666666,10.81272222222222,
199,2019-09-04,9.4,9.71,9.37,9.66,2260002.0,10.409416666666662,10.800999999999998,
200,2019-09-05,9.66,9.73,9.54,9.57,2516100.0,10.386666666666661,10.78833333333333,
201,2019-09-06,9.58,9.79,9.56,9.64,2180636.0,10.362666666666662,10.776055555555555,
202,2019-09-09,9.72,9.76,9.63,9.69,1511460.0,10.33708333333333,10.763833333333332,
203,2019-09-10,9.67,9.69,9.55,9.62,1066234.0,10.309666666666661,10.751888888888887,
204,2019-09-11,9.62,9.62,9.49,9.53,1245234.0,10.282166666666662,10.740111111111108,
205,2019-09-12,9.53,9.68,9.53,9.58,1396184.0,10.254499999999995,10.728277777777775,
206,2019-09-16,9.58,9.68,9.52,9.62,1391156.0,10.227749999999993,10.716555555555551,
207,2019-09-17,9.6,9.62,9.36,9.37,1185755.0,10.200249999999992,10.703777777777773,
208,2019-09-18,9.4,9.44,9.37,9.38,577001.0,10.175749999999994,10.692666666666662,
209,2019-09-19,9.39,9.43,9.35,9.39,564400.0,10.151333333333328,10.681277777777773,
210,2019-09-20,9.43,9.43,9.33,9.39,549536.0,10.12858333333333,10.671499999999996,
211,2019-09-23,9.41,9.41,9.25,9.3,1131195.0,10.102916666666662,10.661333333333328,
212,2019-09-24,9.3,9.36,9.29,9.3,462450.0,10.07383333333333,10.652333333333328,
213,2019-09-25,9.27,9.28,9.01,9.06,948322.0,10.04166666666666,10.64166666666666,
214,2019-09-26,9.09,9.1,8.93,8.93,624965.0,10.00666666666666,10.631888888888883,
215,2019-09-27,8.94,9.27,8.94,9.17,741518.0,9.97466666666666,10.624388888888884,
216,2019-09-30,9.15,9.24,9.12,9.14,277200.0,9.94341666666666,10.615388888888884,
217,2019-10-08,9.14,9.24,9.14,9.2,396140.0,9.910583333333328,10.604111111111106,
218,2019-10-09,9.1,9.3,9.1,9.27,414487.0,9.876249999999994,10.593944444444439,
219,2019-10-10,9.22,9.3,9.2,9.28,387981.0,9.84416666666666,10.58305555555555,
220,2019-10-11,9.32,9.43,9.26,9.35,747215.0,9.812749999999992,10.573499999999996,
221,2019-10-14,9.48,10.29,9.38,9.91,4946745.0,9.792083333333325,10.56683333333333,
222,2019-10-15,9.79,9.86,9.6,9.65,2070487.0,9.770333333333326,10.559666666666663,
223,2019-10-16,9.61,10.05,9.61,9.8,2194559.0,9.75016666666666,10.552833333333329,
224,2019-10-17,9.74,9.98,9.64,9.76,1731991.0,9.731583333333326,10.543999999999997,
225,2019-10-18,9.73,9.89,9.69,9.7,928691.0,9.71191666666666,10.536166666666665,
226,2019-10-21,9.66,9.68,9.39,9.58,793800.0,9.693583333333326,10.527166666666663,
227,2019-10-22,9.51,9.61,9.48,9.54,449993.0,9.67441666666666,10.518277777777774,
228,2019-10-23,9.51,9.55,9.41,9.43,625007.0,9.65441666666666,10.50944444444444,
229,2019-10-24,9.49,9.51,9.41,9.47,445300.0,9.638333333333327,10.500111111111107,
230,2019-10-25,9.39,9.54,9.39,9.52,386876.0,9.625249999999994,10.491499999999997,
231,2019-10-28,9.52,9.63,9.5,9.6,624504.0,9.61541666666666,10.483388888888886,
232,2019-10-29,9.7,10.08,9.69,9.83,4196829.0,9.605083333333328,10.476555555555551,
233,2019-10-30,9.75,10.06,9.69,9.89,3417907.0,9.599916666666662,10.47083333333333,
234,2019-10-31,9.9,9.94,9.77,9.82,1715900.0,9.59316666666666,10.464722222222218,
235,2019-11-01,9.87,10.21,9.81,10.09,3169402.0,9.588333333333326,10.460277777777772,
236,2019-11-04,10.08,10.26,10.02,10.21,3065196.0,9.585333333333326,10.455499999999995,
237,2019-11-05,10.22,10.23,10.04,10.14,2217304.0,9.579999999999993,10.44955555555555,
238,2019-11-06,10.12,10.22,10.0,10.05,1771751.0,9.575166666666659,10.441111111111107,
239,2019-11-07,10.02,10.17,9.98,10.07,1223302.0,9.571499999999991,10.432722222222218,10.697916666666666
240,2019-11-08,10.16,10.16,9.82,9.85,2705531.0,9.565083333333325,10.422444444444439,10.687999999999999
241,2019-11-11,9.87,10.02,9.37,9.51,1940171.0,9.554499999999992,10.411111111111106,10.677041666666668
242,2019-11-12,9.5,9.67,9.49,9.65,1152833.0,9.548083333333325,10.399111111111107,10.666625000000002
243,2019-11-13,9.65,9.66,9.5,9.56,733800.0,9.543333333333324,10.385722222222217,10.655833333333334
244,2019-11-14,9.56,9.73,9.56,9.67,858304.0,9.538416666666658,10.372722222222219,10.642708333333333
245,2019-11-15,9.62,9.74,9.53,9.54,742300.0,9.534083333333324,10.360166666666663,10.631374999999998
246,2019-11-18,9.5,9.68,9.5,9.67,833551.0,9.532583333333326,10.348277777777774,10.620958333333332
247,2019-11-19,9.6,9.84,9.59,9.84,883902.0,9.532499999999994,10.334499999999997,10.611208333333334
248,2019-11-20,9.85,10.03,9.78,9.91,1561200.0,9.531416666666662,10.32183333333333,10.602374999999999
249,2019-11-21,9.94,9.94,9.69,9.72,1248468.0,9.529249999999994,10.308111111111108,10.593041666666664
250,2019-11-22,9.74,9.97,9.72,9.82,1467886.0,9.527583333333327,10.294222222222219,10.584333333333332
251,2019-11-25,9.89,10.21,9.82,10.19,3206124.0,9.529833333333327,10.282611111111107,10.57725
252,2019-11-26,10.18,10.18,9.99,10.02,1734324.0,9.53116666666666,10.26883333333333,10.569708333333333
253,2019-11-27,10.02,10.16,9.94,9.99,1280800.0,9.533083333333328,10.253055555555553,10.563166666666666
254,2019-11-28,9.99,10.05,9.87,9.87,1288296.0,9.534999999999993,10.234222222222218,10.555124999999999
255,2019-11-29,9.94,10.18,9.86,10.09,2232551.0,9.538666666666659,10.217111111111107,10.547833333333331
256,2019-12-02,10.17,10.22,10.03,10.04,2080500.0,9.544249999999993,10.204611111111108,10.539874999999999
257,2019-12-03,9.99,10.16,9.98,10.16,1832426.0,9.548749999999993,10.191388888888886,10.532791666666665
258,2019-12-04,10.05,10.11,9.92,9.97,1515745.0,9.549083333333327,10.17644444444444,10.524416666666664
259,2019-12-05,9.97,10.02,9.92,10.0,1356217.0,9.550833333333326,10.16133333333333,10.517041666666664
260,2019-12-06,9.95,10.0,9.9,9.94,964022.0,9.551249999999992,10.148222222222218,10.509083333333331
261,2019-12-09,9.94,10.09,9.94,10.01,1335300.0,9.552833333333327,10.134277777777774,10.501416666666666
262,2019-12-10,10.01,10.18,9.99,10.17,1904866.0,9.556333333333328,10.119888888888886,10.49425
263,2019-12-11,10.19,10.19,10.08,10.18,1470000.0,9.560416666666661,10.10472222222222,10.487625
264,2019-12-12,10.18,10.2,10.09,10.1,1147902.0,9.562583333333327,10.089555555555553,10.481166666666665
265,2019-12-13,10.12,10.21,10.06,10.14,2136500.0,9.564249999999994,10.07422222222222,10.474624999999998
266,2019-12-16,10.19,10.35,10.16,10.32,3367260.0,9.565583333333327,10.060277777777774,10.468749999999998
267,2019-12-17,10.34,10.52,10.26,10.38,3093375.0,9.56783333333333,10.047555555555553,10.463374999999997
268,2019-12-18,10.41,10.47,10.17,10.19,2857072.0,9.569583333333329,10.03572222222222,10.458416666666665
269,2019-12-19,10.2,10.29,10.17,10.26,1808200.0,9.571666666666662,10.024277777777776,10.453499999999998
270,2019-12-20,10.21,10.46,10.21,10.37,2935792.0,9.57516666666666,10.014555555555553,10.450249999999999
271,2019-12-23,10.38,10.74,10.37,10.62,6143319.0,9.581833333333327,10.004777777777775,10.448124999999997
272,2019-12-24,10.55,10.96,10.4,10.9,5659176.0,9.589333333333327,9.994277777777775,10.448041666666663
273,2019-12-25,10.76,10.86,10.66,10.73,3705264.0,9.595499999999994,9.982111111111108,10.446999999999997
274,2019-12-26,10.73,11.14,10.73,11.14,6444461.0,9.605333333333329,9.971055555555553,10.448874999999996
275,2019-12-27,11.14,11.14,10.89,10.94,4213236.0,9.612666666666662,9.959555555555553,10.450624999999997
276,2019-12-30,10.79,10.89,10.56,10.83,3552730.0,9.618749999999997,9.948111111111107,10.450916666666663
277,2019-12-31,10.88,10.88,10.7,10.74,2262205.0,9.627249999999997,9.934777777777773,10.448874999999994
278,2020-01-02,10.84,10.94,10.76,10.77,3287896.0,9.636249999999995,9.920222222222218,10.447499999999994
279,2020-01-03,10.77,10.83,10.59,10.63,2723085.0,9.645249999999997,9.906333333333329,10.444958333333329
280,2020-01-06,10.63,10.71,10.53,10.66,3127157.0,9.65483333333333,9.892666666666663,10.443249999999995
281,2020-01-07,10.67,10.7,10.61,10.68,2717126.0,9.663916666666665,9.883166666666662,10.441458333333326
282,2020-01-08,10.68,10.68,10.34,10.35,3955154.0,9.671083333333332,9.872555555555552,10.438999999999993
283,2020-01-09,10.4,10.49,10.33,10.47,2876317.0,9.678999999999998,9.86283333333333,10.436666666666659
284,2020-01-10,10.45,10.45,10.38,10.42,1667300.0,9.68625,9.854111111111107,10.432791666666658
285,2020-01-13,10.44,10.61,10.42,10.61,2826765.0,9.696416666666664,9.846055555555552,10.430708333333325
286,2020-01-14,10.68,10.68,10.51,10.52,2304272.0,9.704916666666664,9.839055555555552,10.427874999999993
287,2020-01-15,10.51,10.56,10.28,10.38,2047037.0,9.712583333333331,9.830944444444441,10.424708333333326
288,2020-01-16,10.38,10.38,10.2,10.23,1376800.0,9.71975,9.822055555555552,10.42141666666666
289,2020-01-17,10.25,10.32,10.2,10.23,1220437.0,9.726416666666665,9.815555555555553,10.417583333333328
290,2020-01-20,10.23,10.38,10.23,10.35,1266920.0,9.734249999999998,9.811444444444442,10.414583333333326
291,2020-01-21,10.35,10.35,10.04,10.12,2451500.0,9.74008333333333,9.807777777777774,10.410666666666659
292,2020-01-22,10.1,10.12,9.97,10.06,1012800.0,9.745666666666661,9.802166666666663,10.406499999999992
293,2020-01-23,9.95,10.11,9.77,9.81,1750600.0,9.749333333333329,9.798277777777773,10.401874999999992
294,2020-02-03,8.83,8.83,8.83,8.83,839400.0,9.745666666666661,9.788277777777774,10.393166666666657
295,2020-02-04,8.57,8.92,8.18,8.8,2342786.0,9.742833333333326,9.777888888888883,10.384458333333326
296,2020-02-05,8.8,9.1,8.79,8.89,1886356.0,9.742333333333328,9.768555555555551,10.375374999999991
297,2020-02-06,8.95,9.04,8.83,9.0,2101201.0,9.743416666666661,9.758666666666663,10.366166666666658
298,2020-02-07,8.96,9.0,8.85,8.94,1860296.0,9.746249999999996,9.749277777777774,10.355208333333325
299,2020-02-10,8.94,9.08,8.91,9.04,2013652.0,9.750249999999996,9.741111111111106,10.34462499999999
300,2020-02-11,9.04,9.3,9.0,9.22,2523608.0,9.75433333333333,9.733333333333329,10.334291666666656
301,2020-02-12,9.15,9.23,9.07,9.17,1791351.0,9.758999999999997,9.724388888888885,10.324374999999991
302,2020-02-13,9.17,9.34,9.13,9.17,1698004.0,9.762333333333332,9.71744444444444,10.31337499999999
303,2020-02-14,9.17,9.3,9.15,9.27,1529838.0,9.767166666666665,9.712666666666662,10.302124999999991
304,2020-02-17,9.25,9.48,9.25,9.48,1909108.0,9.772999999999998,9.70833333333333,10.291583333333325
305,2020-02-18,9.48,9.48,9.25,9.42,2377504.0,9.77625,9.704777777777775,10.281666666666657
306,2020-02-19,9.38,9.45,9.3,9.31,1298500.0,9.780499999999998,9.701777777777775,10.27124999999999
307,2020-02-20,9.32,9.42,9.27,9.38,1868906.0,9.78125,9.699166666666665,10.25899999999999
308,2020-02-21,9.41,9.43,9.35,9.38,1851500.0,9.78275,9.6955,10.247291666666657
309,2020-02-24,9.39,9.45,9.31,9.35,2102440.0,9.784083333333333,9.691999999999998,10.235458333333323
310,2020-02-25,9.35,9.39,9.13,9.22,3047176.0,9.783,9.687555555555555,10.222541666666654
311,2020-02-26,9.17,9.55,9.09,9.42,3887533.0,9.784416666666667,9.684777777777777,10.210624999999988
312,2020-02-27,9.62,9.62,9.44,9.47,2460018.0,9.787416666666669,9.682611111111111,10.197999999999986
313,2020-02-28,9.29,9.76,9.29,9.31,3761215.0,9.78875,9.68011111111111,10.18333333333332
314,2020-03-02,9.31,9.68,9.3,9.65,2763402.0,9.792833333333334,9.680166666666667,10.168291666666653
315,2020-03-03,9.65,9.82,9.63,9.79,2964222.0,9.794833333333335,9.680944444444442,10.154208333333319
316,2020-03-04,9.79,10.36,9.69,10.19,4478907.0,9.802500000000002,9.6855,10.14545833333332
317,2020-03-05,10.05,10.31,10.05,10.26,3747276.0,9.810333333333336,9.689055555555555,10.13595833333332
318,2020-03-06,10.23,10.23,10.08,10.12,2191366.0,9.815833333333334,9.69011111111111,10.125374999999988
319,2020-03-09,9.91,10.07,9.81,9.82,2331890.0,9.817166666666667,9.690277777777776,10.113291666666656
320,2020-03-10,9.77,10.05,9.56,9.94,1672131.0,9.82025,9.690555555555553,10.103458333333322
321,2020-03-11,10.02,10.05,9.85,9.87,1600230.0,9.822166666666666,9.690833333333332,10.092416666666654
322,2020-03-12,9.97,9.97,9.66,9.77,1495230.0,9.822833333333332,9.690944444444442,10.07995833333332
323,2020-03-13,9.4,9.81,9.26,9.78,2447054.0,9.824166666666665,9.691444444444443,10.066916666666655
324,2020-03-16,9.81,10.19,9.79,10.03,3858073.0,9.828333333333331,9.692499999999997,10.05524999999999
325,2020-03-17,10.02,10.11,9.61,9.66,2291524.0,9.829,9.690944444444442,10.041749999999988
326,2020-03-18,9.77,9.77,9.17,9.21,2296063.0,9.825583333333334,9.685666666666664,10.026666666666655
327,2020-03-19,9.23,9.3,8.88,9.02,1932571.0,9.822666666666668,9.67961111111111,10.011458333333321
328,2020-03-20,9.03,9.15,8.97,9.1,1054402.0,9.820333333333334,9.67472222222222,9.998041666666655
329,2020-03-23,8.98,9.01,8.8,8.94,1358500.0,9.816583333333334,9.668777777777775,9.983958333333321
330,2020-03-24,8.96,9.07,8.86,9.0,1005793.0,9.813333333333333,9.663499999999997,9.970958333333321
331,2020-03-25,9.11,9.37,9.07,9.36,1503848.0,9.813833333333331,9.660944444444443,9.958374999999988
332,2020-03-26,9.33,9.44,9.25,9.4,1059982.0,9.814666666666666,9.657611111111109,9.944249999999988
333,2020-03-27,9.44,9.57,9.37,9.4,1043417.0,9.8175,9.654333333333332,9.929583333333321
334,2020-03-30,9.36,9.36,9.0,9.12,784432.0,9.819083333333333,9.649666666666665,9.912874999999987
335,2020-03-31,9.15,9.23,9.04,9.07,865636.0,9.818249999999999,9.644166666666665,9.896458333333321
336,2020-04-01,9.03,9.22,9.03,9.07,804300.0,9.817666666666664,9.638444444444442,9.880541666666655
337,2020-04-02,9.09,9.29,8.97,9.29,984000.0,9.818416666666662,9.636055555555552,9.864499999999989
338,2020-04-03,9.42,9.88,9.33,9.52,1938256.0,9.820499999999997,9.635111111111108,9.848374999999988
339,2020-04-07,9.79,9.79,9.57,9.61,1607632.0,9.823249999999996,9.635444444444442,9.833708333333323
340,2020-04-08,9.59,9.65,9.46,9.57,1152122.0,9.82508333333333,9.635777777777774,9.818916666666658
341,2020-04-09,9.5,9.6,9.5,9.54,728300.0,9.821999999999996,9.635499999999997,9.807041666666658
342,2020-04-10,9.58,9.63,9.35,9.53,903600.0,9.820999999999994,9.635722222222219,9.795666666666657
343,2020-04-13,9.46,9.52,9.22,9.34,544945.0,9.81716666666666,9.63472222222222,9.783666666666658
344,2020-04-14,9.34,9.78,9.34,9.61,1172451.0,9.81591666666666,9.635055555555551,9.773749999999994
345,2020-04-15,9.41,9.46,9.34,9.36,1263700.0,9.813083333333326,9.634888888888884,9.762499999999994
346,2020-04-16,9.35,9.5,9.27,9.41,1361800.0,9.81166666666666,9.634388888888884,9.752624999999993
347,2020-04-17,9.49,9.49,9.37,9.4,867343.0,9.810499999999994,9.634055555555552,9.742458333333326
348,2020-04-20,9.49,9.64,9.37,9.61,1529351.0,9.811999999999992,9.635388888888885,9.733208333333327
349,2020-04-21,10.19,10.19,9.65,10.03,3903295.0,9.81666666666666,9.638722222222217,9.727499999999994
350,2020-04-22,9.95,10.23,9.65,10.07,2521600.0,9.821249999999992,9.642388888888883,9.723249999999995
351,2020-04-23,10.07,10.14,9.8,9.89,1369431.0,9.82366666666666,9.644999999999994,9.71954166666666
352,2020-04-24,9.81,9.99,9.79,9.83,1234639.0,9.82366666666666,9.647444444444439,9.714374999999992
353,2020-04-27,9.83,9.96,9.52,9.94,1152101.0,9.824083333333327,9.650611111111106,9.71199999999999
354,2020-04-28,9.92,9.92,9.21,9.57,1654563.0,9.821999999999994,9.652277777777773,9.707583333333325
355,2020-04-29,9.49,9.57,9.35,9.36,1414617.0,9.81591666666666,9.653499999999992,9.702124999999992
356,2020-04-30,9.37,9.45,9.31,9.34,1245712.0,9.808666666666658,9.65566666666666,9.696999999999992
357,2020-05-06,9.28,9.34,9.25,9.32,1279062.0,9.801833333333324,9.65816666666666,9.690916666666658
358,2020-05-07,9.32,9.37,9.28,9.36,563800.0,9.796083333333323,9.66238888888888,9.685624999999991
359,2020-05-08,9.36,9.53,9.3,9.5,782900.0,9.791333333333323,9.667611111111103,9.681416666666657
360,2020-05-11,9.5,9.56,9.35,9.39,680500.0,9.787499999999993,9.671277777777771,9.676291666666657
361,2020-05-12,9.45,9.55,9.37,9.47,602005.0,9.787166666666659,9.67605555555555,9.670833333333322
362,2020-05-13,9.43,9.52,9.4,9.51,752057.0,9.785999999999992,9.680166666666661,9.667041666666655
363,2020-05-14,9.51,9.55,9.46,9.51,499658.0,9.785583333333326,9.684722222222216,9.664458333333323
364,2020-05-15,9.5,9.58,9.4,9.41,464320.0,9.783416666666659,9.688222222222217,9.660916666666655
365,2020-05-18,9.41,9.45,9.33,9.34,716397.0,9.781749999999992,9.68994444444444,9.657916666666656
366,2020-05-19,9.49,9.49,9.3,9.32,528609.0,9.778833333333324,9.692833333333327,9.655708333333324
367,2020-05-20,9.31,9.32,9.11,9.27,541201.0,9.774083333333325,9.692722222222216,9.653291666666657
368,2020-05-21,9.3,9.52,9.25,9.47,1034285.0,9.770416666666657,9.694222222222216,9.650916666666657
369,2020-05-22,9.49,9.54,9.41,9.54,655463.0,9.768916666666657,9.69616666666666,9.649083333333323
370,2020-05-25,9.58,9.59,9.51,9.57,576194.0,9.766833333333324,9.697388888888883,9.647208333333323
371,2020-05-26,9.39,9.73,9.39,9.64,1095590.0,9.762249999999991,9.69955555555555,9.646041666666656
372,2020-05-27,9.74,9.98,9.65,9.95,1356468.0,9.761666666666658,9.704222222222217,9.646416666666655
373,2020-05-28,10.02,10.23,9.87,10.01,1721700.0,9.761833333333325,9.708999999999994,9.647458333333322
374,2020-05-29,10.01,10.06,9.95,10.04,1177502.0,9.763249999999992,9.713888888888883,9.649124999999989
375,2020-06-01,10.13,10.15,10.05,10.12,1302455.0,9.763499999999992,9.717055555555548,9.651083333333322
376,2020-06-02,10.17,10.35,10.12,10.32,1340746.0,9.765833333333324,9.722888888888882,9.655041666666655
377,2020-06-03,10.28,10.42,10.26,10.39,1590200.0,9.76774999999999,9.728833333333327,9.658249999999988
378,2020-06-04,10.39,10.62,10.36,10.58,1714077.0,9.772833333333324,9.73505555555555,9.660958333333323
379,2020-06-05,10.6,10.65,10.42,10.61,1468035.0,9.777916666666657,9.740333333333325,9.664374999999989
380,2020-06-08,10.76,10.76,10.44,10.48,1338200.0,9.782416666666656,9.74538888888888,9.666833333333324
381,2020-06-09,10.57,10.57,10.34,10.52,1023900.0,9.786666666666656,9.75027777777777,9.66974999999999
382,2020-06-10,10.57,10.6,10.4,10.46,698991.0,9.789083333333322,9.754555555555548,9.672708333333324
383,2020-06-11,9.9,10.48,9.9,10.12,922402.0,9.788583333333321,9.757333333333325,9.67449999999999
384,2020-06-12,10.0,10.03,9.93,9.95,908000.0,9.787333333333322,9.759666666666659,9.67495833333332
385,2020-06-15,9.94,10.04,9.91,9.91,535250.0,9.785416666666656,9.761499999999993,9.67483333333332
386,2020-06-16,10.0,10.05,9.92,10.0,585800.0,9.78274999999999,9.763611111111105,9.674166666666654
387,2020-06-17,10.04,10.04,9.9,9.95,517500.0,9.779166666666656,9.766833333333327,9.673499999999986
388,2020-06-18,9.98,10.04,9.86,9.99,610452.0,9.777499999999987,9.770222222222216,9.673541666666653
389,2020-06-19,10.0,10.04,9.92,9.96,798000.0,9.774999999999988,9.773388888888883,9.673333333333318
390,2020-06-22,9.96,10.05,9.93,9.95,670438.0,9.77149999999999,9.776499999999993,9.673333333333318
391,2020-06-23,9.95,9.98,9.9,9.97,460197.0,9.766083333333324,9.780222222222216,9.673958333333315
392,2020-06-24,9.97,10.05,9.95,10.03,587600.0,9.758833333333323,9.784277777777772,9.674083333333318
393,2020-06-29,10.05,10.14,9.9,9.91,796700.0,9.75199999999999,9.788999999999994,9.673749999999984
394,2020-06-30,9.91,10.0,9.84,9.95,760928.0,9.742083333333323,9.79466666666666,9.673708333333316
395,2020-07-01,10.02,10.54,9.93,10.24,1910807.0,9.73624999999999,9.800611111111106,9.674458333333316
396,2020-07-02,10.19,10.6,10.19,10.55,1923103.0,9.733916666666657,9.808444444444438,9.676333333333316
397,2020-07-03,10.49,10.62,10.41,10.56,1661116.0,9.732416666666657,9.815999999999994,9.679833333333317
398,2020-07-06,10.71,11.14,10.54,10.59,8834488.0,9.730916666666655,9.823333333333325,9.683583333333319
399,2020-07-07,10.66,10.95,10.57,10.67,5244282.0,9.731249999999989,9.83105555555555,9.688249999999984
400,2020-07-08,10.67,10.71,10.43,10.63,2844922.0,9.73099999999999,9.83816666666666,9.692916666666651
401,2020-07-09,10.6,10.96,10.6,10.8,2805079.0,9.731999999999989,9.843111111111105,9.697958333333316
402,2020-07-10,10.82,11.39,10.52,10.88,8459945.0,9.736416666666656,9.849944444444438,9.703749999999985
403,2020-07-13,11.02,11.07,10.68,10.92,10472529.0,9.740166666666656,9.856166666666661,9.709583333333319
404,2020-07-14,10.89,10.91,10.36,10.48,7419154.0,9.740666666666657,9.860166666666661,9.713458333333318
405,2020-07-15,10.51,10.61,9.91,9.96,11152656.0,9.73524999999999,9.861611111111106,9.715833333333318
406,2020-07-16,9.9,9.9,9.53,9.56,5760388.0,9.72724999999999,9.861499999999994,9.71608333333332
407,2020-07-17,9.56,9.77,9.44,9.73,3074862.0,9.721833333333324,9.86255555555555,9.71720833333332
408,2020-07-20,9.71,10.05,9.7,10.03,2680295.0,9.720166666666655,9.865888888888882,9.71995833333332
409,2020-07-21,10.02,10.04,9.83,10.01,1854550.0,9.718333333333323,9.868888888888883,9.722374999999989
410,2020-07-22,10.0,10.01,9.9,9.95,2722418.0,9.714999999999991,9.871277777777772,9.724624999999987
411,2020-07-23,9.89,9.89,9.6,9.8,2741900.0,9.712333333333325,9.872388888888883,9.726208333333322
412,2020-07-24,9.75,9.83,9.45,9.48,2792102.0,9.70749999999999,9.87044444444444,9.726583333333322
413,2020-07-27,9.53,9.58,9.25,9.28,2092486.0,9.703083333333325,9.86705555555555,9.726208333333323
414,2020-07-28,9.34,9.45,9.33,9.4,1210104.0,9.707833333333326,9.864722222222218,9.72674999999999
415,2020-07-29,9.42,9.49,9.3,9.44,2573190.0,9.71316666666666,9.861111111111107,9.72799999999999
416,2020-07-30,9.45,9.52,9.37,9.47,2920602.0,9.717999999999993,9.856999999999996,9.730166666666658
417,2020-07-31,9.46,9.52,9.37,9.48,2092506.0,9.721999999999992,9.853333333333328,9.732708333333326
418,2020-08-03,9.52,9.93,9.51,9.85,10920529.0,9.729583333333325,9.852222222222217,9.737916666666658
419,2020-08-04,9.85,10.27,9.83,9.91,15345585.0,9.736833333333326,9.85133333333333,9.743541666666658
420,2020-08-05,9.99,9.99,9.68,9.76,8681706.0,9.741333333333326,9.85083333333333,9.747833333333325
421,2020-08-06,9.7,9.82,9.57,9.63,5020888.0,9.745166666666659,9.851499999999998,9.752083333333326
422,2020-08-07,9.61,9.62,9.37,9.38,4638022.0,9.74691666666666,9.849999999999998,9.754624999999994
423,2020-08-10,9.35,9.52,9.35,9.44,3604762.0,9.748333333333328,9.849333333333332,9.757749999999993
424,2020-08-11,9.46,9.53,9.28,9.33,2745095.0,9.747083333333327,9.847444444444442,9.760041666666659
425,2020-08-12,9.39,9.39,9.22,9.34,2576995.0,9.746416666666658,9.84633333333333,9.761333333333324
426,2020-08-13,9.42,9.47,9.35,9.44,1543462.0,9.747499999999993,9.845055555555552,9.76399999999999
427,2020-08-14,9.45,9.75,9.36,9.58,3268487.0,9.749166666666659,9.843611111111109,9.765208333333325
428,2020-08-17,9.62,9.8,9.49,9.7,3369817.0,9.751833333333325,9.84244444444444,9.767291666666658
429,2020-08-18,9.67,9.76,9.6,9.76,3484500.0,9.755249999999991,9.842666666666663,9.769666666666659
430,2020-08-19,9.73,9.77,9.63,9.72,2718816.0,9.759416666666658,9.842111111111109,9.771208333333325
431,2020-08-20,9.69,9.7,9.46,9.53,2458771.0,9.760333333333325,9.838444444444441,9.772374999999991
432,2020-08-21,9.77,9.77,9.57,9.69,2621442.0,9.762166666666657,9.836611111111107,9.774791666666658
433,2020-08-24,9.69,9.7,9.62,9.68,1750410.0,9.765249999999991,9.834888888888885,9.77699999999999
434,2020-08-25,9.67,9.67,9.46,9.49,3750702.0,9.763916666666658,9.832777777777777,9.77837499999999
435,2020-08-26,9.49,9.53,9.24,9.27,3594165.0,9.759583333333325,9.828222222222221,9.777208333333324
436,2020-08-27,9.26,9.29,9.16,9.25,2022181.0,9.75174999999999,9.823833333333331,9.77712499999999
437,2020-08-28,9.24,9.36,9.21,9.33,2125096.0,9.743999999999991,9.81922222222222,9.777166666666655
438,2020-08-31,9.33,9.46,9.28,9.43,3002650.0,9.738249999999992,9.81622222222222,9.777041666666655
439,2020-09-01,9.43,9.58,9.35,9.53,2990143.0,9.735833333333325,9.81361111111111,9.77649999999999
440,2020-09-02,9.54,9.67,9.48,9.63,3355027.0,9.733249999999993,9.811888888888888,9.77674999999999
441,2020-09-03,9.62,9.75,9.5,9.59,2630743.0,9.73091666666666,9.809555555555553,9.776541666666656
442,2020-09-04,9.6,9.77,9.41,9.72,3718335.0,9.730499999999994,9.807055555555554,9.776666666666655
443,2020-09-07,9.73,9.77,9.6,9.65,2476957.0,9.72941666666666,9.804111111111109,9.776791666666657
444,2020-09-08,9.69,9.73,9.59,9.65,2240300.0,9.726249999999995,9.801611111111109,9.777291666666656
445,2020-09-09,9.67,9.67,9.5,9.52,1529173.0,9.725083333333327,9.798166666666665,9.777041666666657
446,2020-09-10,9.56,9.71,9.31,9.36,2727902.0,9.726333333333326,9.79283333333333,9.775958333333325
447,2020-09-11,9.35,9.53,9.27,9.49,1393124.0,9.730249999999993,9.787888888888887,9.776458333333323
448,2020-09-14,9.49,9.75,9.48,9.63,2007024.0,9.734666666666662,9.784777777777775,9.777499999999991
449,2020-09-15,9.69,9.69,9.51,9.58,1798202.0,9.739999999999993,9.780999999999997,9.778291666666657
450,2020-09-16,9.58,9.65,9.52,9.59,1380832.0,9.74491666666666,9.776666666666664,9.779124999999992
451,2020-09-17,9.56,9.6,9.45,9.51,1359827.0,9.74616666666666,9.770499999999998,9.779999999999992
452,2020-09-18,9.47,9.74,9.43,9.7,2817667.0,9.74866666666666,9.76383333333333,9.781666666666657
453,2020-09-21,9.72,9.75,9.63,9.7,2221600.0,9.75116666666666,9.75811111111111,9.784333333333324
454,2020-09-22,9.61,9.74,9.57,9.67,1534544.0,9.755749999999995,9.749944444444441,9.787416666666656
455,2020-09-23,9.65,9.72,9.62,9.68,1337744.0,9.760833333333329,9.742944444444442,9.789541666666656
456,2020-09-24,9.63,9.65,9.41,9.42,2024800.0,9.763749999999996,9.73511111111111,9.790708333333324
457,2020-09-25,9.43,9.48,9.31,9.37,1645800.0,9.764416666666664,9.727499999999997,9.791416666666658
458,2020-09-28,9.36,9.42,9.26,9.28,909300.0,9.762416666666663,9.71922222222222,9.791458333333326
459,2020-09-29,9.28,9.38,9.26,9.35,1199371.0,9.760249999999996,9.712111111111108,9.79174999999999
460,2020-09-30,9.35,9.37,9.21,9.25,1026871.0,9.757583333333331,9.704277777777774,9.791333333333323
461,2020-10-09,9.28,9.52,9.28,9.5,2118809.0,9.757249999999997,9.697722222222218,9.789624999999992
462,2020-10-12,9.65,9.76,9.64,9.72,3990973.0,9.758833333333332,9.69422222222222,9.789916666666658
463,2020-10-13,9.72,9.72,9.59,9.69,1936400.0,9.76175,9.689888888888886,9.789458333333323
464,2020-10-14,9.6,9.72,9.46,9.53,2011102.0,9.761083333333334,9.68494444444444,9.78849999999999
465,2020-10-15,9.45,9.55,9.28,9.46,2251042.0,9.761916666666668,9.678555555555553,9.78749999999999
466,2020-10-16,9.48,9.48,9.35,9.4,992132.0,9.761833333333334,9.67233333333333,9.78674999999999
467,2020-10-19,9.4,9.48,9.33,9.34,1303700.0,9.761333333333333,9.666555555555552,9.785916666666658
468,2020-10-20,9.43,9.43,9.27,9.39,732622.0,9.759500000000001,9.661888888888885,9.785749999999991
469,2020-10-21,9.4,9.4,9.29,9.35,1043604.0,9.753833333333334,9.656999999999996,9.785249999999992
470,2020-10-22,9.35,9.41,9.28,9.39,1162939.0,9.748166666666668,9.651666666666664,9.784708333333326
471,2020-10-23,9.44,9.44,9.34,9.34,764000.0,9.743583333333333,9.64733333333333,9.783624999999994
472,2020-10-26,9.41,9.41,9.3,9.34,729078.0,9.7395,9.64333333333333,9.781583333333327
473,2020-10-27,9.34,9.41,9.18,9.39,1408758.0,9.734916666666667,9.640999999999998,9.779499999999993
474,2020-10-28,9.29,9.38,9.28,9.33,682258.0,9.732916666666666,9.643777777777776,9.777458333333326
475,2020-10-29,9.26,9.41,9.2,9.33,3905314.0,9.732666666666667,9.64672222222222,9.77429166666666
476,2020-10-30,9.31,9.35,9.19,9.22,1564300.0,9.731666666666667,9.648555555555554,9.770166666666658
477,2020-11-02,9.19,9.24,9.02,9.03,1543894.0,9.729250000000002,9.64872222222222,9.765541666666659
478,2020-11-03,9.01,9.13,9.01,9.11,645840.0,9.727166666666669,9.649666666666663,9.761624999999992
479,2020-11-04,9.13,9.13,9.0,9.03,587632.0,9.723250000000002,9.649611111111108,9.757291666666658
480,2020-11-05,9.06,9.2,9.06,9.18,1232644.0,9.7215,9.649388888888886,9.754499999999991
481,2020-11-06,9.19,9.23,9.14,9.19,1010362.0,9.719166666666668,9.649499999999996,9.753166666666658
482,2020-11-09,9.19,9.28,9.19,9.24,1170048.0,9.716916666666668,9.649888888888885,9.751458333333323
483,2020-11-10,9.24,9.3,9.12,9.17,1082785.0,9.714083333333337,9.64933333333333,9.749833333333324
484,2020-11-11,9.21,9.21,9.11,9.14,602610.0,9.711833333333336,9.647444444444442,9.74762499999999
485,2020-11-12,9.18,9.18,9.05,9.09,592300.0,9.709750000000003,9.645611111111107,9.74574999999999
486,2020-11-13,9.08,9.08,9.03,9.08,594200.0,9.707750000000003,9.64433333333333,9.743291666666657
487,2020-11-16,9.08,9.15,9.05,9.12,630800.0,9.706500000000002,9.642888888888884,9.740291666666655
488,2020-11-17,9.12,9.24,9.06,9.17,778600.0,9.704000000000002,9.641722222222217,9.737208333333323
489,2020-11-18,9.15,9.27,9.15,9.2,697490.0,9.70116666666667,9.640888888888885,9.735041666666657
490,2020-11-19,9.2,9.25,9.15,9.2,890585.0,9.698083333333336,9.640777777777773,9.732458333333321
491,2020-11-20,9.22,9.23,9.13,9.21,767200.0,9.694500000000003,9.639611111111106,9.72837499999999
492,2020-11-23,9.21,9.25,9.15,9.2,1050811.0,9.688250000000004,9.638111111111106,9.724958333333321
493,2020-11-24,9.23,9.23,9.18,9.19,710700.0,9.68141666666667,9.63744444444444,9.721624999999989
494,2020-11-25,9.2,9.22,9.08,9.08,1037810.0,9.67341666666667,9.634277777777774,9.718333333333323
495,2020-11-26,9.1,9.16,9.07,9.12,1355634.0,9.665083333333337,9.630555555555551,9.714291666666655
496,2020-11-27,9.11,9.25,9.08,9.15,740886.0,9.655333333333338,9.624777777777773,9.710583333333322
497,2020-11-30,9.14,9.23,9.14,9.17,720541.0,9.645166666666672,9.618722222222218,9.706458333333323
498,2020-12-01,9.18,9.24,9.12,9.22,1324582.0,9.633833333333339,9.613722222222219,9.703333333333322
499,2020-12-02,9.21,9.27,9.17,9.2,1183450.0,9.62208333333334,9.610277777777775,9.699999999999989
500,2020-12-03,9.17,9.29,9.14,9.19,1244602.0,9.61133333333334,9.606111111111108,9.696874999999988
501,2020-12-04,9.22,9.22,9.14,9.18,576788.0,9.600166666666674,9.602277777777775,9.693416666666653
502,2020-12-07,9.18,9.2,9.14,9.17,638900.0,9.589416666666674,9.598944444444443,9.689249999999987
503,2020-12-08,9.2,9.2,9.11,9.13,565558.0,9.581166666666677,9.595333333333333,9.684874999999987
504,2020-12-09,9.15,9.15,9.04,9.05,807100.0,9.573666666666675,9.589888888888888,9.68049999999999
505,2020-12-10,9.0,9.06,8.96,9.0,693784.0,9.566083333333342,9.58622222222222,9.67574999999999
506,2020-12-11,9.0,9.01,8.73,8.8,884895.0,9.55608333333334,9.583944444444443,9.669416666666656
507,2020-12-14,8.85,9.0,8.8,9.0,612900.0,9.548166666666674,9.583833333333331,9.663666666666655
508,2020-12-15,8.97,9.18,8.92,9.18,1565554.0,9.541416666666674,9.584277777777777,9.659458333333323
509,2020-12-16,9.18,9.23,8.99,9.19,1529731.0,9.535000000000007,9.585666666666667,9.654999999999989
510,2020-12-17,9.19,9.2,9.03,9.16,933900.0,9.528416666666676,9.586555555555556,9.649958333333322
511,2020-12-18,9.16,9.18,9.07,9.17,630600.0,9.521750000000008,9.5855,9.643916666666655
512,2020-12-21,9.16,9.17,9.07,9.15,599910.0,9.514416666666676,9.584111111111111,9.636624999999988
513,2020-12-22,9.06,9.15,8.96,9.0,579444.0,9.506833333333342,9.581888888888889,9.629416666666655
514,2020-12-23,9.0,9.04,8.9,8.93,501500.0,9.498333333333342,9.580833333333334,9.620208333333322
515,2020-12-24,8.91,8.97,8.7,8.77,727300.0,9.486083333333342,9.579166666666667,9.611166666666655
516,2020-12-25,8.71,8.87,8.68,8.8,474369.0,9.47150000000001,9.577666666666667,9.602708333333322
517,2020-12-28,8.82,8.82,8.66,8.66,542400.0,9.455666666666676,9.574166666666668,9.594041666666657
518,2020-12-29,8.66,8.99,8.66,8.9,2096435.0,9.441583333333345,9.570722222222225,9.586249999999989
519,2020-12-30,8.95,9.1,8.86,9.09,2504257.0,9.428416666666676,9.567833333333336,9.579833333333323
520,2020-12-31,9.0,9.16,8.98,9.14,3186226.0,9.41600000000001,9.565444444444449,9.57349999999999
521,2021-01-04,9.03,9.2,8.78,9.15,2111862.0,9.402250000000011,9.563277777777783,9.567124999999992
522,2021-01-05,9.06,9.23,9.06,9.15,852644.0,9.387833333333344,9.561166666666672,9.562124999999991
523,2021-01-06,9.11,9.2,9.01,9.17,1530500.0,9.373250000000011,9.560222222222228,9.556708333333326
524,2021-01-07,9.15,9.21,9.0,9.13,1886200.0,9.362000000000013,9.557555555555563,9.551333333333327
525,2021-01-08,9.04,9.18,8.98,9.08,909016.0,9.354666666666677,9.556000000000008,9.544958333333325
526,2021-01-11,9.04,9.07,8.85,8.97,1194400.0,9.34975000000001,9.553555555555562,9.538499999999992
527,2021-01-12,8.89,9.07,8.86,9.05,1766314.0,9.344083333333344,9.551611111111118,9.532958333333324
528,2021-01-13,9.06,9.12,8.81,8.87,940600.0,9.334416666666677,9.547500000000007,9.527291666666658
529,2021-01-14,8.85,9.09,8.8,9.07,1344764.0,9.326583333333343,9.542166666666672,9.522458333333326
530,2021-01-15,9.1,9.4,9.09,9.22,2424405.0,9.32050000000001,9.53744444444445,9.51774999999999
531,2021-01-18,9.27,9.37,9.09,9.26,1440044.0,9.31600000000001,9.533944444444451,9.514166666666659
532,2021-01-19,9.25,9.35,9.14,9.21,1304910.0,9.31375000000001,9.530500000000007,9.510624999999994
533,2021-01-20,9.22,9.22,9.05,9.12,700366.0,9.312416666666676,9.52594444444445,9.507749999999993
534,2021-01-21,9.12,9.14,8.92,9.0,714000.0,9.309083333333342,9.522777777777783,9.508458333333326
535,2021-01-22,9.05,9.05,8.84,8.89,683715.0,9.30450000000001,9.520166666666674,9.508833333333325
536,2021-01-25,8.91,8.91,8.77,8.77,841300.0,9.298666666666675,9.517000000000007,9.508333333333326
537,2021-01-26,8.8,9.04,8.77,8.98,2628800.0,9.294500000000008,9.51511111111112,9.508249999999993
538,2021-01-27,8.99,9.13,8.92,8.96,1417317.0,9.287083333333344,9.512888888888897,9.508333333333326
539,2021-01-28,8.88,8.9,8.78,8.81,600032.0,9.277916666666675,9.509055555555564,9.507374999999993
540,2021-01-29,8.82,8.84,8.65,8.83,474506.0,9.270166666666675,9.505944444444452,9.505749999999994
541,2021-02-01,8.81,8.82,8.13,8.62,829104.0,9.261750000000006,9.501222222222228,9.503458333333326
542,2021-02-02,8.59,8.65,8.46,8.61,592638.0,9.255333333333338,9.496222222222228,9.501124999999993
543,2021-02-03,8.64,8.72,8.46,8.47,371015.0,9.247250000000005,9.490444444444451,9.497791666666659
544,2021-02-04,8.45,8.53,8.31,8.36,591215.0,9.239166666666671,9.484611111111116,9.493124999999992
545,2021-02-05,8.35,8.47,8.27,8.38,417615.0,9.231166666666672,9.479277777777783,9.488791666666659
546,2021-02-08,8.34,8.54,8.19,8.45,953740.0,9.222916666666672,9.474444444444451,9.485208333333325
547,2021-02-09,8.38,8.58,8.34,8.54,800057.0,9.214250000000005,9.470388888888895,9.481708333333325
548,2021-02-10,8.54,8.62,8.5,8.59,1100040.0,9.205000000000005,9.465500000000006,9.478416666666657
549,2021-02-18,8.59,8.67,8.51,8.65,719740.0,9.195750000000006,9.460555555555562,9.475499999999991
550,2021-02-19,8.64,8.9,8.51,8.87,1312998.0,9.188666666666672,9.456666666666674,9.47404166666666
551,2021-02-22,8.85,8.97,8.73,8.74,1278800.0,9.182083333333338,9.451666666666673,9.471208333333324
552,2021-02-23,8.73,8.78,8.61,8.71,617102.0,9.173916666666672,9.444777777777784,9.46804166666666
553,2021-02-24,8.71,8.88,8.63,8.8,1270900.0,9.166583333333337,9.438055555555561,9.46591666666666
554,2021-02-25,8.81,9.14,8.77,9.0,1560028.0,9.162500000000003,9.432277777777784,9.463208333333325
555,2021-02-26,8.91,8.97,8.84,8.9,514000.0,9.15941666666667,9.425500000000007,9.459499999999993
556,2021-03-01,8.92,8.95,8.83,8.9,420400.0,9.156500000000005,9.41761111111112,9.454124999999994
557,2021-03-02,8.87,9.0,8.81,8.94,598305.0,9.153250000000007,9.409555555555563,9.448624999999993
558,2021-03-03,8.87,8.94,8.84,8.94,486800.0,9.149166666666673,9.400444444444453,9.443708333333326
559,2021-03-04,8.95,8.95,8.82,8.83,376400.0,9.14333333333334,9.390555555555563,9.439583333333326
560,2021-03-05,8.8,8.94,8.77,8.93,611302.0,9.137500000000006,9.381944444444454,9.435374999999992
561,2021-03-08,8.93,8.94,8.77,8.79,779300.0,9.130833333333339,9.372333333333343,9.430874999999991
562,2021-03-09,8.73,8.98,8.61,8.89,1274802.0,9.123916666666673,9.36361111111112,9.427208333333324
563,2021-03-10,8.88,8.94,8.8,8.8,552000.0,9.11683333333334,9.356277777777787,9.423124999999992
564,2021-03-11,8.82,8.85,8.72,8.8,671900.0,9.109750000000004,9.349888888888898,9.41799999999999
565,2021-03-12,8.8,8.81,8.63,8.78,514858.0,9.103583333333338,9.34361111111112,9.414333333333326
566,2021-03-15,8.76,9.0,8.72,8.81,709004.0,9.099000000000006,9.337000000000009,9.41266666666666
567,2021-03-16,8.8,8.99,8.78,8.99,1100540.0,9.094833333333337,9.331666666666674,9.412541666666659
568,2021-03-17,8.98,9.1,8.92,9.03,1858500.0,9.089833333333337,9.326333333333341,9.412249999999993
569,2021-03-18,9.0,9.13,8.92,9.0,935400.0,9.085000000000004,9.321000000000007,9.412499999999993
570,2021-03-19,9.06,9.06,8.89,8.89,835300.0,9.079166666666673,9.315111111111118,9.412041666666658
571,2021-03-22,8.88,9.04,8.88,9.03,904600.0,9.075166666666671,9.309888888888896,9.410666666666659
572,2021-03-23,9.08,9.12,8.95,9.05,1267100.0,9.069750000000004,9.304444444444451,9.409208333333327
573,2021-03-24,8.98,9.07,8.87,8.92,354000.0,9.063250000000005,9.298944444444452,9.407208333333326
574,2021-03-25,8.97,8.97,8.81,8.84,327000.0,9.056333333333336,9.292777777777784,9.40604166666666
575,2021-03-26,8.82,8.91,8.82,8.9,258700.0,9.049833333333337,9.285333333333341,9.405333333333326
576,2021-03-29,8.87,8.93,8.85,8.87,237100.0,9.045250000000003,9.276000000000007,9.404499999999992
577,2021-03-30,8.81,8.95,8.81,8.86,504482.0,9.041000000000002,9.266555555555563,9.402708333333326
578,2021-03-31,8.83,8.9,8.8,8.88,302700.0,9.03766666666667,9.257055555555564,9.40004166666666
579,2021-04-01,8.83,8.99,8.83,8.88,545644.0,9.033750000000005,9.247111111111119,9.396999999999993
580,2021-04-02,8.88,8.94,8.75,8.81,599900.0,9.030083333333339,9.237000000000007,9.393833333333326
581,2021-04-06,8.81,8.85,8.79,8.8,401300.0,9.024250000000004,9.225888888888896,9.390749999999993
582,2021-04-07,8.79,8.88,8.79,8.86,290504.0,9.017083333333337,9.214666666666671,9.387958333333327
583,2021-04-08,8.81,8.88,8.76,8.78,905546.0,9.009500000000003,9.202777777777783,9.385624999999994
584,2021-04-09,8.76,8.87,8.71,8.87,1186700.0,9.004000000000001,9.193833333333338,9.38254166666666
585,2021-04-12,8.88,8.9,8.77,8.78,398000.0,8.998333333333335,9.187277777777782,9.380124999999992
586,2021-04-13,8.78,8.93,8.75,8.83,1184100.0,8.993583333333333,9.183222222222225,9.377708333333326
587,2021-04-14,8.79,8.81,8.42,8.54,1419588.0,8.986916666666668,9.176611111111114,9.374124999999992
588,2021-04-15,8.55,8.6,8.49,8.57,817496.0,8.980083333333333,9.168500000000003,9.369791666666659
589,2021-04-16,8.61,8.9,8.51,8.9,1592809.0,8.976333333333335,9.162333333333338,9.365083333333326
590,2021-04-19,8.9,8.91,8.82,8.83,541696.0,8.971666666666666,9.156111111111114,9.359916666666658
591,2021-04-20,8.84,9.0,8.82,9.0,1933300.0,8.968833333333333,9.15166666666667,9.356208333333324
592,2021-04-21,9.0,9.04,8.86,8.92,627300.0,8.965333333333335,9.148555555555559,9.35241666666666
593,2021-04-22,8.91,8.93,8.73,8.8,585780.0,8.960416666666667,9.145888888888893,9.34766666666666
594,2021-04-23,8.77,8.87,8.77,8.8,297100.0,8.956,9.142555555555559,9.344458333333327
595,2021-04-26,8.72,8.78,8.58,8.62,785000.0,8.950083333333334,9.138000000000002,9.341374999999992
596,2021-04-27,8.74,8.78,8.58,8.63,574174.0,8.945166666666667,9.133333333333336,9.338416666666658
597,2021-04-28,8.64,8.72,8.58,8.6,362402.0,8.941583333333334,9.128444444444446,9.335416666666656
598,2021-04-29,8.68,8.68,8.55,8.64,425664.0,8.937666666666669,9.121722222222225,9.332416666666656
599,2021-04-30,8.64,8.65,8.47,8.5,516722.0,8.933250000000003,9.11388888888889,9.32824999999999
