,date,open,high,low,close,volume,120,180,240
0,2018-11-13,27.16,27.78,27.12,27.6,458715.0,,,
1,2018-11-14,27.62,28.11,27.57,27.71,394770.0,,,
2,2018-11-15,27.88,29.33,27.78,29.15,922683.0,,,
3,2018-11-16,29.0,29.85,29.0,29.13,828315.0,,,
4,2018-11-19,29.33,29.73,29.01,29.4,534870.0,,,
5,2018-11-20,29.07,30.19,29.0,29.15,703459.0,,,
6,2018-11-21,28.77,30.09,28.48,30.06,792418.0,,,
7,2018-11-22,30.06,30.69,29.88,30.17,816978.0,,,
8,2018-11-23,30.01,30.19,28.84,29.68,807496.0,,,
9,2018-11-26,29.66,29.89,28.52,28.89,792184.0,,,
10,2018-11-27,29.01,29.19,28.48,28.75,495859.0,,,
11,2018-11-28,28.67,29.3,28.52,29.19,460322.0,,,
12,2018-11-29,29.3,29.64,28.81,28.93,434058.0,,,
13,2018-11-30,28.83,29.34,28.44,29.33,367977.0,,,
14,2018-12-03,30.02,30.19,29.63,29.84,719776.0,,,
15,2018-12-04,29.73,30.13,29.58,29.81,386424.0,,,
16,2018-12-05,29.37,30.12,29.2,29.83,344207.0,,,
17,2018-12-06,29.83,29.83,28.67,28.92,395279.0,,,
18,2018-12-07,28.81,29.01,28.28,28.65,354887.0,,,
19,2018-12-10,28.64,28.97,28.34,28.68,293845.0,,,
20,2018-12-11,28.92,28.92,28.48,28.59,218795.0,,,
21,2018-12-12,28.65,28.78,28.48,28.5,202576.0,,,
22,2018-12-13,28.42,28.67,28.1,28.5,407268.0,,,
23,2018-12-14,28.54,28.61,27.49,27.63,474609.0,,,
24,2018-12-17,27.36,27.63,27.1,27.47,276800.0,,,
25,2018-12-18,27.09,27.45,26.52,26.73,516652.0,,,
26,2018-12-19,26.76,26.76,26.3,26.31,265197.0,,,
27,2018-12-20,26.31,26.63,26.18,26.49,175349.0,,,
28,2018-12-21,26.49,26.94,26.36,26.49,382262.0,,,
29,2018-12-24,26.47,27.18,26.41,27.09,278400.0,,,
30,2018-12-25,27.03,27.13,26.49,27.12,237600.0,,,
31,2018-12-26,27.0,27.17,26.93,26.93,139500.0,,,
32,2018-12-27,27.03,27.26,26.58,26.58,229800.0,,,
33,2018-12-28,26.89,26.96,26.34,26.49,182000.0,,,
34,2019-01-02,26.49,26.72,25.85,25.95,308870.0,,,
35,2019-01-03,25.94,26.12,25.63,25.68,316039.0,,,
36,2019-01-04,25.5,26.25,25.25,26.25,315909.0,,,
37,2019-01-07,26.55,26.81,26.39,26.56,223200.0,,,
38,2019-01-08,26.56,26.68,26.37,26.48,123549.0,,,
39,2019-01-09,26.59,26.89,26.49,26.54,240996.0,,,
40,2019-01-10,26.54,26.54,26.23,26.26,173446.0,,,
41,2019-01-11,26.25,26.68,26.23,26.62,278517.0,,,
42,2019-01-14,26.62,26.75,26.25,26.47,189196.0,,,
43,2019-01-15,26.56,26.66,26.27,26.64,225968.0,,,
44,2019-01-16,26.65,26.76,26.63,26.74,262600.0,,,
45,2019-01-17,26.74,26.74,26.23,26.23,182612.0,,,
46,2019-01-18,26.23,26.71,26.1,26.66,238500.0,,,
47,2019-01-21,26.83,27.29,26.66,26.98,303672.0,,,
48,2019-01-22,26.86,27.15,26.86,27.07,179550.0,,,
49,2019-01-23,26.76,27.11,26.42,26.8,134000.0,,,
50,2019-01-24,26.93,27.22,26.72,27.05,176200.0,,,
51,2019-01-25,27.03,27.26,26.82,27.09,246200.0,,,
52,2019-01-28,27.09,27.6,27.03,27.32,299700.0,,,
53,2019-01-29,27.21,27.36,26.58,26.74,274900.0,,,
54,2019-01-30,26.74,27.25,26.74,27.05,280370.0,,,
55,2019-01-31,27.18,27.22,26.12,26.37,382114.0,,,
56,2019-02-01,26.49,27.06,26.49,27.05,341000.0,,,
57,2019-02-11,26.99,27.63,26.91,27.59,380800.0,,,
58,2019-02-12,27.54,28.21,27.51,27.82,392000.0,,,
59,2019-02-13,28.01,28.37,27.73,28.36,438400.0,,,
60,2019-02-14,28.26,28.58,28.11,28.3,340000.0,,,
61,2019-02-15,28.21,28.67,28.21,28.5,285900.0,,,
62,2019-02-18,28.65,29.0,28.55,28.99,506998.0,,,
63,2019-02-19,29.0,29.1,28.44,28.74,529100.0,,,
64,2019-02-20,28.83,28.83,28.08,28.54,440070.0,,,
65,2019-02-21,28.51,28.77,28.26,28.28,420350.0,,,
66,2019-02-22,28.23,28.46,28.06,28.38,650970.0,,,
67,2019-02-25,28.77,29.5,28.33,29.4,1314960.0,,,
68,2019-02-26,29.4,30.43,29.11,29.84,1148442.0,,,
69,2019-02-27,29.77,30.04,29.27,29.38,744400.0,,,
70,2019-02-28,29.38,30.69,29.38,30.42,1046322.0,,,
71,2019-03-01,30.42,30.64,30.16,30.44,560000.0,,,
72,2019-03-04,30.49,31.12,30.48,30.97,1309251.0,,,
73,2019-03-05,31.23,31.3,30.87,31.2,1062524.0,,,
74,2019-03-06,31.21,31.24,30.59,31.05,916831.0,,,
75,2019-03-07,31.05,31.18,30.68,30.97,1032486.0,,,
76,2019-03-08,30.66,30.68,29.56,29.59,1108509.0,,,
77,2019-03-11,29.66,30.64,29.6,30.52,896711.0,,,
78,2019-03-12,30.56,31.18,30.52,30.76,1126448.0,,,
79,2019-03-13,30.96,31.17,30.22,30.33,896278.0,,,
80,2019-03-14,30.3,30.51,29.34,29.48,661210.0,,,
81,2019-03-15,29.85,30.19,29.6,29.9,558310.0,,,
82,2019-03-18,29.91,30.8,29.85,30.75,863310.0,,,
83,2019-03-19,30.89,32.22,30.74,31.75,1581882.0,,,
84,2019-03-20,31.72,31.93,31.17,31.82,1006912.0,,,
85,2019-03-21,31.76,32.27,31.44,32.05,1043920.0,,,
86,2019-03-22,32.25,33.12,32.05,32.29,1195408.0,,,
87,2019-03-25,31.78,32.49,31.72,31.75,828606.0,,,
88,2019-03-26,31.8,32.05,30.52,30.72,938756.0,,,
89,2019-03-27,31.0,31.62,30.55,31.49,802300.0,,,
90,2019-03-28,31.67,31.9,30.86,30.95,768737.0,,,
91,2019-03-29,30.72,31.76,30.4,31.76,864102.0,,,
92,2019-04-01,32.11,32.63,31.78,32.43,1184841.0,,,
93,2019-04-02,32.4,32.5,32.01,32.12,845396.0,,,
94,2019-04-03,32.1,32.55,31.94,32.38,764096.0,,,
95,2019-04-04,32.51,32.52,32.0,32.28,718026.0,,,
96,2019-04-08,32.36,32.62,31.43,31.74,849005.0,,,
97,2019-04-09,31.73,34.68,31.73,34.02,2323679.0,,,
98,2019-04-10,33.66,34.66,33.32,34.66,1706846.0,,,
99,2019-04-11,34.94,35.01,33.12,33.76,1597740.0,,,
100,2019-04-12,32.69,32.69,31.49,31.84,2417470.0,,,
101,2019-04-15,31.98,32.13,31.05,31.31,1294344.0,,,
102,2019-04-16,31.05,32.02,30.78,31.61,751370.0,,,
103,2019-04-17,31.59,31.73,31.38,31.51,611400.0,,,
104,2019-04-18,31.44,31.62,31.21,31.3,488261.0,,,
105,2019-04-19,31.31,31.82,31.27,31.55,532300.0,,,
106,2019-04-22,31.66,31.84,31.25,31.3,624700.0,,,
107,2019-04-23,31.42,31.6,30.78,30.95,588300.0,,,
108,2019-04-24,30.95,31.17,30.44,30.98,404706.0,,,
109,2019-04-25,30.95,31.09,30.16,30.17,435500.0,,,
110,2019-04-26,30.16,30.3,29.93,30.11,411400.0,,,
111,2019-04-29,30.12,30.38,29.82,30.06,562600.0,,,
112,2019-04-30,30.05,31.67,30.0,30.51,566600.0,,,
113,2019-05-06,30.22,30.22,27.78,28.05,853500.0,,,
114,2019-05-07,28.08,28.9,27.85,28.74,588770.0,,,
115,2019-05-08,28.34,29.19,28.09,28.75,690670.0,,,
116,2019-05-09,28.38,28.59,28.15,28.21,476600.0,,,
117,2019-05-10,28.36,28.85,28.23,28.74,616570.0,,,
118,2019-05-13,28.47,28.69,28.4,28.43,363900.0,,,
119,2019-05-14,28.01,28.46,27.94,27.94,383500.0,29.124333333333336,,
120,2019-05-15,28.07,28.4,28.07,28.38,414000.0,29.13083333333334,,
121,2019-05-16,28.39,28.69,28.34,28.52,380300.0,29.13758333333334,,
122,2019-05-17,28.52,28.59,27.48,27.55,564300.0,29.124250000000007,,
123,2019-05-20,27.55,27.55,26.84,27.12,551200.0,29.107500000000005,,
124,2019-05-21,27.11,27.66,26.79,27.48,338800.0,29.091500000000003,,
125,2019-05-22,27.48,27.58,26.99,27.2,299600.0,29.07525,,
126,2019-05-23,27.03,27.2,26.7,26.92,289900.0,29.049083333333336,,
127,2019-05-24,26.76,27.09,26.72,27.09,260700.0,29.02341666666667,,
128,2019-05-27,27.11,27.59,27.03,27.56,348100.0,29.005750000000003,,
129,2019-05-28,27.55,27.72,27.36,27.49,343719.0,28.994083333333336,,
130,2019-05-29,27.48,28.07,27.17,27.63,261870.0,28.984750000000005,,
131,2019-05-30,27.49,27.78,27.3,27.74,333600.0,28.97266666666667,,
132,2019-05-31,27.62,27.92,27.59,27.65,346870.0,28.962000000000003,,
133,2019-06-03,27.75,27.85,27.24,27.45,359470.0,28.946333333333335,,
134,2019-06-04,27.34,27.51,27.2,27.22,232870.0,28.924500000000002,,
135,2019-06-05,27.47,27.64,27.03,27.41,360900.0,28.9045,,
136,2019-06-06,27.34,27.39,26.76,26.97,360870.0,28.880666666666666,,
137,2019-06-10,26.97,27.26,26.79,27.22,193300.0,28.866499999999995,,
138,2019-06-11,27.22,27.82,27.16,27.81,522270.0,28.859499999999993,,
139,2019-06-12,27.87,28.26,27.62,28.09,495170.0,28.85458333333333,,
140,2019-06-13,27.99,28.21,27.95,28.03,232370.0,28.849916666666665,,
141,2019-06-14,27.98,28.14,27.56,27.56,237500.0,28.84208333333333,,
142,2019-06-17,27.56,27.88,27.47,27.54,178400.0,28.834083333333332,,
143,2019-06-18,27.77,27.77,27.35,27.37,222400.0,28.83191666666666,,
144,2019-06-19,27.64,28.64,27.64,28.28,630240.0,28.838666666666665,,
145,2019-06-20,28.02,28.61,28.01,28.46,382700.0,28.853083333333334,,
146,2019-06-21,28.57,29.12,28.4,29.04,493570.0,28.875833333333333,,
147,2019-06-24,29.04,29.04,28.65,28.88,425370.0,28.895750000000003,,
148,2019-06-25,28.75,28.92,28.11,28.38,637766.0,28.911500000000004,,
149,2019-06-26,28.21,28.57,28.14,28.5,227470.0,28.923250000000003,,
150,2019-06-27,28.64,28.98,28.59,28.83,449066.0,28.937500000000004,,
151,2019-06-28,29.0,29.0,28.49,28.63,372400.0,28.95166666666667,,
152,2019-07-01,28.93,29.45,28.74,29.42,560900.0,28.975333333333342,,
153,2019-07-02,29.42,30.19,29.35,29.9,756800.0,29.00375000000001,,
154,2019-07-03,29.54,30.25,29.54,29.88,493700.0,29.03650000000001,,
155,2019-07-04,29.99,29.99,29.48,29.9,527600.0,29.07166666666668,,
156,2019-07-05,29.75,30.45,29.75,30.3,570900.0,29.10541666666668,,
157,2019-07-08,30.52,30.52,29.27,29.92,699800.0,29.133416666666683,,
158,2019-07-09,29.73,30.0,29.65,29.73,214398.0,29.160500000000017,,
159,2019-07-10,29.87,29.9,29.61,29.69,171900.0,29.186750000000018,,
160,2019-07-11,29.74,30.26,29.7,29.75,417100.0,29.21583333333335,,
161,2019-07-12,29.87,31.26,29.75,30.75,795366.0,29.250250000000015,,
162,2019-07-15,30.53,31.16,30.43,30.77,567800.0,29.28608333333335,,
163,2019-07-16,30.63,31.63,30.61,31.39,662866.0,29.325666666666685,,
164,2019-07-17,31.46,31.52,30.93,30.96,473966.0,29.360833333333353,,
165,2019-07-18,31.12,31.3,30.6,30.61,417570.0,29.397333333333354,,
166,2019-07-19,30.66,31.53,30.56,30.86,378900.0,29.432333333333357,,
167,2019-07-22,30.9,31.06,29.95,30.07,607384.0,29.45808333333336,,
168,2019-07-23,30.29,31.42,30.21,31.02,677408.0,29.491000000000025,,
169,2019-07-24,31.11,31.55,31.01,31.23,602027.0,29.527916666666687,,
170,2019-07-25,31.23,31.31,30.9,31.19,342500.0,29.56241666666669,,
171,2019-07-26,31.09,31.16,30.73,31.01,282700.0,29.595083333333356,,
172,2019-07-29,30.9,31.16,30.8,30.83,326500.0,29.624333333333354,,
173,2019-07-30,30.8,31.04,30.68,30.84,267500.0,29.65850000000002,,
174,2019-07-31,30.84,30.93,30.12,30.38,434500.0,29.686250000000022,,
175,2019-08-01,30.46,30.46,29.59,29.74,621700.0,29.714333333333354,,
176,2019-08-02,29.31,30.11,29.23,29.59,537406.0,29.73550000000002,,
177,2019-08-05,29.59,29.71,29.08,29.1,366706.0,29.74808333333335,,
178,2019-08-06,28.75,28.81,28.25,28.39,537149.0,29.75283333333335,,
179,2019-08-07,28.86,29.07,28.41,28.57,260008.0,29.75458333333335,29.059499999999996,
180,2019-08-08,28.57,29.12,28.49,28.92,362100.0,29.759750000000015,29.066833333333328,
181,2019-08-09,28.94,29.34,28.59,28.62,290100.0,29.760750000000016,29.071888888888882,
182,2019-08-12,28.62,29.32,28.38,29.26,312409.0,29.76300000000002,29.072499999999994,
183,2019-08-13,29.08,30.12,29.08,30.01,741500.0,29.773583333333356,29.077388888888887,
184,2019-08-14,30.2,31.15,30.02,30.99,741753.0,29.794000000000022,29.08622222222222,
185,2019-08-15,30.73,31.76,30.56,31.55,1149450.0,29.82125000000002,29.099555555555558,
186,2019-08-16,31.57,32.09,31.54,31.75,956870.0,29.84933333333335,29.108944444444443,
187,2019-08-19,32.46,33.52,32.26,32.52,1668681.0,29.87533333333335,29.122,
188,2019-08-20,32.52,33.48,32.52,32.65,1029940.0,29.898750000000017,29.138499999999997,
189,2019-08-21,32.46,33.17,32.3,32.53,645351.0,29.92500000000002,29.158722222222217,
190,2019-08-22,32.77,33.01,32.13,32.59,712879.0,29.94308333333335,29.18005555555555,
191,2019-08-23,32.42,33.66,32.32,32.97,1257500.0,29.964166666666685,29.201055555555552,
192,2019-08-26,32.31,33.4,32.31,33.02,844170.0,29.98125000000002,29.223777777777777,
193,2019-08-27,33.19,34.13,33.05,33.52,809200.0,30.000583333333353,29.24705555555556,
194,2019-08-28,33.52,33.9,32.86,33.32,498976.0,30.01950000000002,29.266388888888887,
195,2019-08-29,33.25,33.58,32.93,33.05,520570.0,30.036833333333355,29.284388888888888,
196,2019-08-30,32.77,33.33,31.87,32.11,1016106.0,30.057833333333356,29.297055555555552,
197,2019-09-02,32.24,32.82,32.09,32.68,694695.0,30.075833333333357,29.317944444444443,
198,2019-09-03,32.69,33.06,32.02,32.46,798231.0,30.09000000000002,29.339111111111112,
199,2019-09-04,32.23,32.83,32.09,32.32,598561.0,30.106583333333354,29.35933333333333,
200,2019-09-05,32.48,33.03,32.19,32.3,811344.0,30.130083333333356,29.37994444444444,
201,2019-09-06,32.27,32.75,32.27,32.39,599138.0,30.150833333333356,29.401555555555554,
202,2019-09-09,32.53,33.64,32.39,33.35,1012184.0,30.17250000000002,29.4285,
203,2019-09-10,33.35,33.48,32.81,33.05,924860.0,30.183333333333355,29.45861111111111,
204,2019-09-11,32.89,34.45,32.89,33.72,1595656.0,30.199166666666688,29.493333333333336,
205,2019-09-12,33.75,34.1,32.85,32.97,1063100.0,30.20683333333335,29.528000000000006,
206,2019-09-16,32.97,33.24,32.56,32.65,603676.0,30.20983333333335,29.563222222222223,
207,2019-09-17,32.66,32.75,31.78,31.99,812900.0,30.21183333333335,29.593777777777778,
208,2019-09-18,31.98,32.32,31.94,32.12,367582.0,30.223500000000016,29.625055555555555,
209,2019-09-19,32.35,32.61,31.97,32.52,526000.0,30.232083333333353,29.655222222222225,
210,2019-09-20,32.58,32.96,32.45,32.68,474700.0,30.24650000000002,29.686111111111117,
211,2019-09-23,32.68,32.85,32.04,32.73,417161.0,30.25458333333335,29.718333333333334,
212,2019-09-24,32.77,33.41,32.47,33.23,854538.0,30.261250000000018,29.755277777777778,
213,2019-09-25,33.22,33.76,32.93,33.42,1101238.0,30.272083333333352,29.793777777777777,
214,2019-09-26,33.56,33.69,32.18,32.83,865638.0,30.275833333333352,29.832,
215,2019-09-27,32.83,34.8,32.61,34.52,1685238.0,30.294500000000017,29.881111111111114,
216,2019-09-30,34.41,35.04,33.96,34.88,1390766.0,30.320666666666686,29.929055555555557,
217,2019-10-08,34.68,36.15,34.63,35.69,1442670.0,30.334583333333352,29.979777777777777,
218,2019-10-09,35.52,35.52,34.64,35.1,1124904.0,30.33825000000002,30.02766666666667,
219,2019-10-10,34.91,35.76,34.73,35.38,1027300.0,30.35175000000002,30.07677777777778,
220,2019-10-11,35.34,37.22,35.26,36.36,1794066.0,30.389416666666687,30.13288888888889,
221,2019-10-14,36.44,37.09,36.08,36.55,1212525.0,30.433083333333354,30.188055555555557,
222,2019-10-15,36.37,37.11,36.03,36.8,959658.0,30.476333333333354,30.245444444444445,
223,2019-10-16,36.8,37.49,36.11,36.27,1127335.0,30.51600000000002,30.298944444444448,
224,2019-10-17,36.24,36.8,35.88,36.43,760100.0,30.558750000000018,30.35277777777778,
225,2019-10-18,36.5,38.2,36.13,37.04,1710415.0,30.604500000000016,30.412833333333342,
226,2019-10-21,37.04,37.63,34.58,35.47,1851504.0,30.63925000000001,30.461777777777787,
227,2019-10-22,35.46,37.43,34.91,37.43,1549990.0,30.693250000000013,30.519833333333345,
228,2019-10-23,37.36,37.54,35.04,35.11,1849346.0,30.72766666666668,30.564500000000013,
229,2019-10-24,34.58,36.36,34.58,35.69,1315658.0,30.773666666666678,30.613888888888898,
230,2019-10-25,35.63,36.03,34.98,35.71,682360.0,30.820333333333345,30.66200000000001,
231,2019-10-28,35.52,35.81,35.11,35.19,969707.0,30.863083333333346,30.707000000000008,
232,2019-10-29,35.19,35.34,34.61,34.67,720800.0,30.897750000000013,30.747833333333343,
233,2019-10-30,34.58,34.58,33.82,34.3,589100.0,30.949833333333345,30.789833333333345,
234,2019-10-31,34.45,35.02,34.19,34.79,456601.0,31.000250000000012,30.832833333333344,
235,2019-11-01,34.79,35.0,33.97,34.51,489655.0,31.048250000000014,30.878055555555566,
236,2019-11-04,34.5,35.3,34.49,35.24,620500.0,31.106833333333345,30.923555555555563,
237,2019-11-05,35.24,35.24,34.3,34.81,705705.0,31.15741666666668,30.963666666666676,
238,2019-11-06,34.81,35.04,34.43,34.71,445643.0,31.209750000000017,31.001944444444458,
239,2019-11-07,34.55,34.98,34.45,34.5,421500.0,31.264416666666683,31.03605555555557,30.19437500000001
240,2019-11-08,34.52,35.04,34.5,34.61,414700.0,31.31633333333335,31.071111111111122,30.22358333333334
241,2019-11-11,34.53,34.53,33.12,33.25,807665.0,31.355750000000015,31.09750000000001,30.246666666666673
242,2019-11-12,33.13,33.8,33.13,33.42,413600.0,31.40466666666668,31.122111111111124,30.26445833333334
243,2019-11-13,33.42,33.7,33.34,33.49,266170.0,31.457750000000015,31.148500000000013,30.282625000000007
244,2019-11-14,33.38,33.78,33.35,33.67,412149.0,31.50933333333335,31.177000000000014,30.300416666666674
245,2019-11-15,33.72,33.72,33.21,33.32,400600.0,31.56033333333335,31.205000000000013,30.317791666666675
246,2019-11-18,33.38,33.72,33.02,33.54,344108.0,31.615500000000015,31.23366666666668,30.332291666666674
247,2019-11-19,33.72,34.17,33.45,33.85,813500.0,31.671833333333346,31.258388888888906,30.347625000000008
248,2019-11-20,33.87,34.16,33.68,33.72,610974.0,31.72316666666668,31.27994444444446,30.364458333333342
249,2019-11-21,33.72,33.72,32.97,33.29,555999.0,31.771500000000014,31.301666666666684,30.382791666666673
250,2019-11-22,33.51,33.82,32.54,32.59,731332.0,31.812833333333348,31.31372222222224,30.398791666666675
251,2019-11-25,32.69,32.76,31.94,32.36,565300.0,31.85133333333335,31.324388888888905,30.41200000000001
252,2019-11-26,32.37,32.48,32.26,32.42,220000.0,31.891083333333352,31.33244444444446,30.426541666666672
253,2019-11-27,32.42,32.48,32.14,32.24,226000.0,31.93100000000002,31.33822222222224,30.438666666666673
254,2019-11-28,32.16,32.54,32.13,32.25,313908.0,31.972916666666684,31.344888888888903,30.44870833333334
255,2019-11-29,32.25,32.28,31.53,31.81,511352.0,32.00958333333335,31.349555555555572,30.457041666666672
256,2019-12-02,31.78,32.08,31.59,31.69,213000.0,32.04891666666669,31.361222222222235,30.46479166666667
257,2019-12-03,31.69,31.84,31.36,31.83,308176.0,32.087333333333355,31.368500000000008,30.47691666666667
258,2019-12-04,31.73,32.06,31.6,31.96,218676.0,32.12191666666669,31.375166666666676,30.490708333333338
259,2019-12-05,32.03,32.77,31.91,32.65,348118.0,32.15991666666669,31.388055555555564,30.507250000000003
260,2019-12-06,32.85,32.99,32.57,32.83,367849.0,32.19991666666669,31.406666666666677,30.52491666666667
261,2019-12-09,32.79,32.96,32.5,32.64,217500.0,32.24225000000002,31.4218888888889,30.54216666666667
262,2019-12-10,32.64,33.04,32.57,32.99,546500.0,32.28766666666669,31.434333333333345,30.560875000000003
263,2019-12-11,32.97,33.48,32.85,33.23,520300.0,32.33650000000002,31.442555555555565,30.584208333333333
264,2019-12-12,33.21,33.49,32.96,33.09,368670.0,32.37658333333335,31.44961111111112,30.607625
265,2019-12-13,33.1,33.69,33.1,33.48,506270.0,32.41841666666669,31.457555555555565,30.635749999999998
266,2019-12-16,33.52,33.88,33.46,33.84,521770.0,32.458416666666686,31.466166666666677,30.667125
267,2019-12-17,33.76,34.3,33.6,34.11,566199.0,32.502000000000024,31.479277777777785,30.698874999999997
268,2019-12-18,34.11,34.2,33.75,33.77,411700.0,32.54691666666669,31.49622222222223,30.729208333333336
269,2019-12-19,33.66,33.77,33.39,33.65,350600.0,32.58983333333335,31.50822222222223,30.756541666666667
270,2019-12-20,33.52,33.7,33.27,33.44,292400.0,32.62825000000002,31.52205555555556,30.782874999999997
271,2019-12-23,33.34,33.68,33.19,33.2,344800.0,32.666333333333355,31.53005555555556,30.808999999999994
272,2019-12-24,33.2,33.46,33.2,33.45,179100.0,32.69991666666668,31.535722222222223,30.837624999999996
273,2019-12-25,33.25,33.44,33.07,33.21,364600.0,32.72750000000001,31.54177777777778,30.865624999999998
274,2019-12-26,33.2,33.64,33.09,33.58,305460.0,32.75833333333335,31.548444444444446,30.897416666666665
275,2019-12-27,33.72,33.89,33.52,33.58,357300.0,32.789000000000016,31.55566666666667,30.93033333333333
276,2019-12-30,33.38,33.55,33.22,33.4,353100.0,32.81483333333335,31.56488888888889,30.960124999999994
277,2019-12-31,33.32,35.61,33.31,34.68,1442795.0,32.85450000000001,31.568555555555555,30.993958333333328
278,2020-01-02,34.51,34.64,34.17,34.55,931260.0,32.89466666666668,31.567944444444446,31.02758333333333
279,2020-01-03,34.51,34.6,34.3,34.51,404126.0,32.934833333333344,31.572111111111113,31.060791666666663
280,2020-01-06,34.33,34.58,34.06,34.12,571470.0,32.97125000000001,31.58477777777778,31.093541666666663
281,2020-01-07,34.07,35.5,34.07,34.79,796710.0,33.00491666666668,31.60411111111111,31.12758333333333
282,2020-01-08,34.71,35.16,34.52,34.71,574000.0,33.03775000000001,31.621333333333332,31.161916666666663
283,2020-01-09,34.75,35.29,34.65,34.88,464665.0,33.06683333333335,31.640055555555556,31.196249999999996
284,2020-01-10,34.97,34.98,34.49,34.96,405765.0,33.10016666666668,31.66038888888889,31.230499999999996
285,2020-01-13,34.94,35.53,34.73,35.51,517166.0,33.14100000000001,31.682388888888887,31.269166666666663
286,2020-01-14,35.52,35.69,35.18,35.52,501419.0,33.17983333333335,31.705833333333334,31.306083333333333
287,2020-01-15,35.64,36.46,35.34,36.04,747370.0,33.229583333333345,31.734111111111112,31.343833333333336
288,2020-01-16,36.14,36.27,35.61,35.78,471018.0,33.269250000000014,31.76077777777778,31.380125000000003
289,2020-01-17,35.81,35.93,35.35,35.57,468600.0,33.30541666666668,31.79077777777778,31.416666666666668
290,2020-01-20,36.58,37.08,36.19,36.91,995145.0,33.353083333333345,31.828555555555557,31.457749999999997
291,2020-01-21,37.57,38.1,36.93,37.17,1172446.0,33.40441666666668,31.868055555555557,31.49975
292,2020-01-22,37.52,37.7,36.57,37.0,1098400.0,33.455833333333345,31.90411111111111,31.54008333333333
293,2020-01-23,37.1,40.61,36.9,39.98,2785442.0,33.53200000000001,31.970388888888884,31.59525
294,2020-02-03,40.15,42.66,37.7,38.11,3433467.0,33.59641666666668,32.02244444444444,31.64133333333333
295,2020-02-04,36.52,39.82,36.52,38.78,2273862.0,33.67175000000002,32.07816666666666,31.693041666666662
296,2020-02-05,39.82,42.66,39.36,42.53,3850415.0,33.77958333333335,32.15772222222221,31.75754166666666
297,2020-02-06,42.48,46.79,42.02,46.79,3430027.0,33.927000000000014,32.257999999999996,31.83754166666666
298,2020-02-07,47.79,50.11,43.65,43.96,4895615.0,34.056750000000015,32.34427777777777,31.90479166666666
299,2020-02-10,44.2,45.69,42.67,43.96,3013222.0,34.18500000000002,32.433277777777775,31.969791666666662
300,2020-02-11,43.47,43.55,40.63,41.49,2451530.0,34.28975000000001,32.5061111111111,32.02475
301,2020-02-12,41.35,42.37,41.35,41.57,1453501.0,34.39766666666667,32.5786111111111,32.07920833333333
302,2020-02-13,42.11,42.11,39.67,40.46,2165925.0,34.49100000000001,32.65033333333332,32.126999999999995
303,2020-02-14,44.51,44.51,43.67,44.51,3507073.0,34.611833333333344,32.74694444444443,32.19270833333333
304,2020-02-17,43.14,44.46,42.15,44.25,3596363.0,34.722333333333346,32.8401111111111,32.25816666666666
305,2020-02-18,43.67,44.14,42.48,42.93,2320180.0,34.81716666666668,32.927499999999995,32.31920833333333
306,2020-02-19,43.46,43.47,41.45,41.54,1794300.0,34.898750000000014,33.00872222222222,32.37404166666666
307,2020-02-20,41.23,42.09,41.2,41.83,1210319.0,34.976333333333336,33.0906111111111,32.42583333333333
308,2020-02-21,41.83,42.78,41.43,41.99,1358266.0,35.054166666666674,33.170777777777765,32.47645833333333
309,2020-02-24,42.01,42.4,41.73,42.15,1453950.0,35.13433333333334,33.25222222222221,32.529666666666664
310,2020-02-25,42.11,43.97,41.66,43.74,2437518.0,35.227250000000005,33.34172222222221,32.58516666666666
311,2020-02-26,43.23,43.59,41.52,41.61,1913356.0,35.29925,33.41877777777776,32.63170833333333
312,2020-02-27,41.67,42.15,40.82,41.16,944391.0,35.367083333333326,33.49383333333332,32.67416666666666
313,2020-02-28,40.99,41.91,40.49,40.65,1075648.0,35.42649999999999,33.56716666666665,32.71354166666666
314,2020-03-02,41.06,42.14,41.05,42.13,1030583.0,35.49991666666666,33.649999999999984,32.75970833333333
315,2020-03-03,42.46,43.66,42.32,43.17,1527790.0,35.58424999999999,33.737555555555545,32.81054166666666
316,2020-03-04,42.74,44.13,42.59,43.79,1269680.0,35.68158333333333,33.83099999999998,32.86970833333332
317,2020-03-05,43.53,44.08,43.08,43.67,1730025.0,35.773166666666654,33.922388888888875,32.92449999999999
318,2020-03-06,44.87,47.19,44.19,46.46,3123342.0,35.88983333333332,34.02599999999998,32.98991666666665
319,2020-03-09,45.73,46.79,44.2,44.34,1961908.0,35.989999999999995,34.11627777777776,33.04829166666666
320,2020-03-10,43.82,44.28,42.52,44.05,1571680.0,36.08791666666666,34.20527777777776,33.108999999999995
321,2020-03-11,43.49,45.78,43.48,44.07,1271015.0,36.18524999999999,34.29699999999998,33.16804166666666
322,2020-03-12,43.69,43.87,42.56,42.98,1051100.0,36.26549999999998,34.382777777777754,33.21899999999999
323,2020-03-13,41.18,43.0,40.83,42.27,920681.0,36.342333333333315,34.46555555555554,33.262833333333326
324,2020-03-16,42.47,43.67,41.68,41.68,1277565.0,36.408666666666655,34.539999999999985,33.30391666666666
325,2020-03-17,41.85,42.47,39.33,41.54,1305700.0,36.48008333333332,34.61266666666665,33.343458333333324
326,2020-03-18,41.85,44.14,41.85,42.43,1959619.0,36.561583333333324,34.68705555555554,33.385708333333326
327,2020-03-19,42.08,42.79,40.51,41.42,1277031.0,36.64016666666666,34.75672222222221,33.425999999999995
328,2020-03-20,42.04,43.14,41.73,42.71,1108810.0,36.72841666666666,34.836333333333314,33.47595833333333
329,2020-03-23,41.82,43.76,41.5,42.82,1429376.0,36.81424999999999,34.91588888888887,33.52316666666666
330,2020-03-24,43.41,43.47,42.23,43.46,1038180.0,36.90408333333332,34.99716666666665,33.575291666666665
331,2020-03-25,43.9,44.87,43.08,44.8,1900594.0,37.00466666666666,35.08699999999998,33.629625
332,2020-03-26,44.4,45.87,44.21,45.66,1483055.0,37.10824999999999,35.177222222222206,33.684749999999994
333,2020-03-27,46.33,46.39,44.91,44.97,1497450.0,37.20449999999999,35.26094444444443,33.73829166666666
334,2020-03-30,44.67,45.63,44.39,44.48,1021545.0,37.30158333333332,35.34205555555554,33.788708333333325
335,2020-03-31,45.02,47.44,44.34,47.1,2021272.0,37.40641666666666,35.437611111111096,33.85045833333333
336,2020-04-01,46.81,47.7,45.8,46.06,1430600.0,37.49958333333333,35.52516666666666,33.910125
337,2020-04-02,45.99,47.26,45.51,46.66,1195708.0,37.590999999999994,35.61816666666665,33.96279166666666
338,2020-04-03,46.46,48.08,46.33,46.46,1868373.0,37.685666666666656,35.7111111111111,34.01195833333333
339,2020-04-07,46.76,48.02,45.72,47.89,2056433.0,37.789916666666656,35.81222222222222,34.070833333333326
340,2020-04-08,47.44,47.44,46.07,46.45,1469720.0,37.873999999999995,35.904999999999994,34.13170833333333
341,2020-04-09,46.59,46.86,45.8,46.46,1114323.0,37.95658333333333,35.99227777777777,34.19483333333333
342,2020-04-10,46.62,46.63,44.24,44.64,1527325.0,38.02191666666666,36.069333333333326,34.249124999999985
343,2020-04-13,44.44,46.0,43.71,45.2,1366572.0,38.09633333333332,36.14605555555555,34.306166666666655
344,2020-04-14,45.42,45.42,44.2,45.13,1133570.0,38.16883333333332,36.22477777777777,34.36379166666666
345,2020-04-15,45.25,46.75,45.14,45.85,1211368.0,38.24224999999999,36.30944444444444,34.42337499999999
346,2020-04-16,45.56,46.83,45.56,46.79,1372970.0,38.33658333333332,36.39794444444444,34.48791666666667
347,2020-04-17,46.98,48.37,46.2,47.9,2068418.0,38.42383333333331,36.49699999999999,34.55854166666666
348,2020-04-20,47.85,48.66,47.63,48.66,1342570.0,38.536749999999984,36.59499999999999,34.63220833333333
349,2020-04-21,48.68,49.26,47.73,48.1,1506200.0,38.64016666666666,36.68872222222222,34.706916666666665
350,2020-04-22,48.23,48.25,47.3,47.89,869370.0,38.74166666666666,36.7815,34.78099999999999
351,2020-04-23,48.3,49.22,48.05,48.12,1012280.0,38.84941666666666,36.876555555555555,34.85625
352,2020-04-24,48.52,49.05,46.73,46.96,1179548.0,38.951833333333326,36.966166666666666,34.924791666666664
353,2020-04-27,47.12,49.26,46.38,48.85,1689360.0,39.07308333333333,37.06622222222222,35.01145833333333
354,2020-04-28,48.32,48.72,46.66,47.95,1461712.0,39.18274999999999,37.16383333333333,35.0915
355,2020-04-29,47.87,47.87,44.87,45.25,2707402.0,39.27224999999999,37.25,35.160250000000005
356,2020-04-30,45.25,45.26,43.93,44.84,1991970.0,39.35225,37.334722222222226,35.22954166666668
357,2020-05-06,44.43,45.23,44.0,45.02,1227362.0,39.43733333333333,37.42316666666667,35.29737500000001
358,2020-05-07,45.0,45.63,44.7,45.5,1130718.0,39.527249999999995,37.51822222222222,35.36850000000001
359,2020-05-08,45.47,45.82,45.05,45.18,1133315.0,39.61625,37.6105,35.44033333333334
360,2020-05-11,45.6,45.6,43.99,44.26,1339001.0,39.69666666666667,37.69572222222222,35.50650000000001
361,2020-05-12,44.18,45.11,44.16,44.6,934346.0,39.791250000000005,37.78450000000001,35.57350000000001
362,2020-05-13,44.5,45.46,43.88,45.4,1316705.0,39.891083333333334,37.87416666666667,35.64787500000001
363,2020-05-14,45.2,45.88,45.03,45.17,1006725.0,39.98841666666667,37.95838888888889,35.72308333333334
364,2020-05-15,45.3,45.58,44.38,44.55,1357634.0,40.07908333333334,38.033722222222224,35.794208333333344
365,2020-05-18,44.5,46.26,42.24,46.0,2148705.0,40.18475000000001,38.114000000000004,35.87254166666667
366,2020-05-19,46.55,49.96,46.27,49.65,3591152.0,40.319,38.21344444444445,35.96725000000001
367,2020-05-20,49.89,52.3,49.41,50.6,3460979.0,40.45858333333334,38.31388888888889,36.06520833333334
368,2020-05-21,51.32,51.98,50.5,50.86,2293050.0,40.601416666666665,38.415055555555554,36.162291666666675
369,2020-05-22,50.6,51.3,49.1,49.72,2154841.0,40.73833333333334,38.510555555555555,36.254916666666674
370,2020-05-25,49.77,51.24,49.4,50.3,1835768.0,40.88591666666667,38.60894444444445,36.34937500000001
371,2020-05-26,50.3,52.58,50.18,51.78,2138920.0,41.04775,38.71344444444445,36.44954166666668
372,2020-05-27,51.8,52.9,51.1,51.69,1567025.0,41.208333333333336,38.817166666666665,36.54970833333335
373,2020-05-28,51.36,51.87,49.88,51.24,1353042.0,41.36666666666667,38.915611111111104,36.64883333333334
374,2020-05-29,51.18,52.88,50.91,52.08,1502782.0,41.53191666666667,39.019833333333324,36.75241666666668
375,2020-06-01,52.7,53.48,52.02,52.11,1762083.0,41.70108333333333,39.125722222222215,36.85533333333335
376,2020-06-02,52.0,52.57,51.33,51.65,1141917.0,41.867416666666664,39.23427777777777,36.958166666666685
377,2020-06-03,51.2,52.56,51.2,51.95,1291645.0,42.035083333333326,39.341333333333324,37.06120833333336
378,2020-06-04,52.14,57.15,51.95,57.15,3613547.0,42.24499999999999,39.47849999999998,37.183458333333355
379,2020-06-05,57.73,59.48,57.32,58.48,2966206.0,42.46024999999999,39.623833333333316,37.31008333333336
380,2020-06-08,59.03,61.3,58.86,60.38,2615264.0,42.689833333333326,39.779833333333315,37.44487500000002
381,2020-06-09,60.38,61.17,59.59,60.59,1853027.0,42.922749999999986,39.93649999999998,37.58250000000002
382,2020-06-10,60.88,61.83,60.3,61.16,1638249.0,43.15749999999999,40.09099999999998,37.72258333333335
383,2020-06-11,61.15,61.7,58.5,58.66,2798890.0,43.36941666666666,40.23327777777776,37.85295833333335
384,2020-06-12,58.13,61.3,58.12,59.68,2372437.0,43.590999999999994,40.377499999999976,37.983791666666676
385,2020-06-15,61.09,62.41,59.31,59.31,2312502.0,43.80625,40.523833333333314,38.112333333333346
386,2020-06-16,60.39,63.88,60.26,63.06,2731834.0,44.04975,40.69277777777776,38.25408333333334
387,2020-06-17,66.0,66.57,62.8,65.5,3606825.0,44.31133333333334,40.87894444444443,38.40666666666667
388,2020-06-18,64.69,65.5,61.46,62.85,2736124.0,44.55366666666667,41.04966666666665,38.55029166666668
389,2020-06-19,63.0,64.6,62.8,63.71,1710242.0,44.804166666666674,41.22294444444443,38.69700000000001
390,2020-06-22,63.22,63.97,62.53,62.79,1583940.0,45.04875000000001,41.39022222222221,38.83850000000002
391,2020-06-23,62.95,63.98,62.54,63.86,1671826.0,45.30425000000001,41.56316666666665,38.98529166666669
392,2020-06-24,63.59,64.37,63.19,63.82,904430.0,45.55733333333334,41.73311111111109,39.12862500000002
393,2020-06-29,64.19,67.47,64.19,66.5,1863633.0,45.83475000000001,41.91688888888887,39.28112500000002
394,2020-06-30,66.68,67.52,65.23,66.68,1390500.0,46.110583333333345,42.10494444444443,39.43445833333336
395,2020-07-01,66.55,67.18,64.5,65.36,1443600.0,46.37541666666667,42.27627777777776,39.58220833333336
396,2020-07-02,65.16,66.55,64.65,64.72,1393112.0,46.63641666666668,42.44205555555554,39.72562500000003
397,2020-07-03,64.35,65.26,62.35,64.43,1960582.0,46.884333333333345,42.60172222222221,39.869416666666694
398,2020-07-06,65.16,65.34,63.31,63.98,1797928.0,47.12958333333334,42.76216666666665,40.01212500000003
399,2020-07-07,63.9,65.66,63.3,64.03,1853902.0,47.37558333333334,42.921333333333315,40.15520833333336
400,2020-07-08,64.17,64.97,63.03,64.24,1542962.0,47.626583333333336,43.076222222222206,40.2989166666667
401,2020-07-09,64.0,66.2,63.93,65.65,1905580.0,47.88375,43.23788888888887,40.44433333333336
402,2020-07-10,65.98,69.2,65.68,66.92,2122385.0,48.152166666666666,43.4052222222222,40.59495833333336
403,2020-07-13,66.92,68.85,64.71,66.8,2898717.0,48.41816666666667,43.57483333333331,40.74250000000003
404,2020-07-14,66.38,69.36,64.71,65.82,2500705.0,48.675333333333334,43.73811111111108,40.887750000000025
405,2020-07-15,65.81,68.0,65.0,65.0,2570411.0,48.92108333333333,43.89344444444442,41.031041666666695
406,2020-07-16,65.0,67.12,58.88,59.08,3706536.0,49.117416666666664,44.024611111111085,41.148625000000024
407,2020-07-17,58.08,61.2,57.6,59.74,2130082.0,49.31491666666666,44.148555555555525,41.27225000000002
408,2020-07-20,60.02,61.48,58.24,60.15,1685700.0,49.517999999999994,44.28766666666664,41.39362500000002
409,2020-07-21,60.15,61.66,59.75,61.56,1473533.0,49.73458333333333,44.43138888888886,41.52000000000002
410,2020-07-22,61.13,63.14,60.52,62.4,1805097.0,49.946999999999996,44.57966666666664,41.65004166666668
411,2020-07-23,61.61,65.71,61.61,64.48,2864366.0,50.174583333333324,44.74238888888886,41.78950000000001
412,2020-07-24,64.65,64.75,59.0,59.45,2348315.0,50.36166666666666,44.88005555555552,41.90875000000002
413,2020-07-27,59.53,63.2,59.1,61.96,1794033.0,50.54483333333333,45.03372222222219,42.03841666666668
414,2020-07-28,61.92,62.44,60.55,61.98,1119400.0,50.74374999999999,45.18477777777775,42.170083333333345
415,2020-07-29,62.97,68.18,62.35,68.18,3624122.0,50.988749999999996,45.37183333333329,42.330250000000014
416,2020-07-30,70.0,71.99,68.26,69.6,5201427.0,51.214333333333336,45.562722222222185,42.49695833333335
417,2020-07-31,69.69,69.9,66.61,69.0,3486419.0,51.39941666666667,45.752666666666634,42.66320833333335
418,2020-08-03,68.89,70.8,67.76,70.5,3082269.0,51.620583333333336,45.951499999999974,42.83866666666668
419,2020-08-04,69.55,72.18,68.4,69.2,3616127.0,51.83091666666667,46.14427777777775,43.007958333333356
420,2020-08-05,68.34,72.0,67.01,70.2,3201975.0,52.070166666666665,46.34199999999998,43.17995833333336
421,2020-08-06,69.64,69.87,65.55,66.2,3471476.0,52.275416666666665,46.52505555555554,43.33654166666669
422,2020-08-07,66.8,67.8,63.58,64.95,1803050.0,52.4795,46.70022222222221,43.48525000000003
423,2020-08-10,64.99,65.49,62.81,64.7,1268355.0,52.647749999999995,46.8736111111111,43.6297916666667
424,2020-08-11,64.74,65.38,63.09,63.22,1358119.0,52.80583333333333,47.03777777777776,43.76408333333336
425,2020-08-12,63.3,63.33,59.9,61.0,1577700.0,52.95641666666666,47.191555555555546,43.886791666666696
426,2020-08-13,61.38,61.77,60.01,60.3,1177949.0,53.11275,47.3402222222222,44.00575000000003
427,2020-08-14,60.39,60.93,59.1,60.58,994446.0,53.269,47.4887222222222,44.12266666666669
428,2020-08-17,60.16,61.32,59.7,60.81,1011375.0,53.42583333333334,47.6392222222222,44.24000000000002
429,2020-08-18,60.9,61.78,60.59,61.62,1054841.0,53.58808333333334,47.79661111111109,44.36120833333336
430,2020-08-19,61.62,61.65,59.68,59.93,1087805.0,53.723000000000006,47.948499999999974,44.47512500000003
431,2020-08-20,59.33,60.18,58.31,59.07,766617.0,53.86850000000001,48.09688888888886,44.58387500000003
432,2020-08-21,59.7,60.3,58.82,58.96,839661.0,54.016833333333345,48.2443333333333,44.69195833333335
433,2020-08-24,58.99,60.24,58.14,59.87,809546.0,54.177000000000014,48.39783333333331,44.80175000000002
434,2020-08-25,59.81,60.99,59.81,60.2,840562.0,54.327583333333344,48.553111111111086,44.91375000000003
435,2020-08-26,59.95,59.95,57.81,57.84,975953.0,54.449833333333345,48.697722222222204,45.0170416666667
436,2020-08-27,57.85,58.06,56.35,57.9,1010271.0,54.567416666666674,48.84333333333331,45.124500000000026
437,2020-08-28,58.1,59.3,58.0,59.03,688303.0,54.695416666666674,48.994444444444426,45.23429166666669
438,2020-08-31,59.3,59.76,58.3,58.31,691868.0,54.794166666666676,49.14083333333331,45.34200000000003
439,2020-09-01,58.17,59.08,57.25,58.1,859655.0,54.90883333333334,49.28222222222221,45.4494166666667
440,2020-09-02,58.2,58.7,57.3,57.6,581134.0,55.02175000000001,49.41983333333332,45.55483333333337
441,2020-09-03,57.35,58.46,56.35,57.08,798915.0,55.13016666666668,49.555611111111105,45.657708333333375
442,2020-09-04,56.88,56.88,55.74,56.43,705485.0,55.24225000000002,49.68583333333333,45.753875000000036
443,2020-09-07,56.28,57.67,54.48,54.48,838503.0,55.344000000000015,49.803888888888885,45.843166666666704
444,2020-09-08,54.46,55.85,53.33,55.62,1033095.0,55.46016666666667,49.92905555555555,45.93441666666671
445,2020-09-09,54.99,56.25,52.95,53.38,1154446.0,55.55883333333335,50.03961111111111,46.01945833333338
446,2020-09-10,53.82,54.88,52.0,52.12,897152.0,55.63958333333334,50.14116666666666,46.10058333333338
447,2020-09-11,51.88,53.8,51.53,53.53,902973.0,55.740500000000004,50.24905555555556,46.190333333333385
448,2020-09-14,53.74,55.0,53.43,53.68,786205.0,55.83191666666667,50.35966666666666,46.280166666666716
449,2020-09-15,53.75,54.17,53.33,53.99,383040.0,55.925000000000004,50.47266666666667,46.36962500000005
450,2020-09-16,53.98,54.44,52.66,52.99,530711.0,56.00441666666667,50.58127777777777,46.454250000000044
451,2020-09-17,52.82,53.69,51.92,53.12,556010.0,56.073750000000004,50.69194444444444,46.539208333333384
452,2020-09-18,53.16,54.21,52.96,54.14,704477.0,56.14441666666667,50.80688888888888,46.626333333333385
453,2020-09-21,54.0,54.97,53.72,53.86,576005.0,56.2185,50.921611111111105,46.71150000000005
454,2020-09-22,53.58,54.87,53.42,54.14,853926.0,56.29900000000001,51.03583333333333,46.800291666666716
455,2020-09-23,54.07,57.0,53.67,56.7,1460603.0,56.379000000000005,51.16427777777778,46.89270833333339
456,2020-09-24,56.7,57.86,56.03,56.11,1211508.0,56.46275,51.29044444444445,46.981166666666724
457,2020-09-25,56.5,56.95,54.8,56.43,1340410.0,56.54416666666667,51.411277777777784,47.06758333333339
458,2020-09-28,56.27,58.9,55.03,58.14,2028361.0,56.6415,51.54233333333334,47.163583333333385
459,2020-09-29,58.0,58.71,57.01,57.07,852916.0,56.717999999999996,51.66766666666667,47.25395833333339
460,2020-09-30,57.57,57.57,56.33,56.55,461374.0,56.80216666666667,51.79227777777777,47.33808333333339
461,2020-10-09,56.98,57.8,56.78,57.58,671617.0,56.89483333333333,51.91888888888888,47.42570833333339
462,2020-10-12,58.0,58.45,57.54,58.03,865612.0,57.00641666666666,52.04844444444444,47.514166666666725
463,2020-10-13,58.0,59.1,57.69,58.1,887587.0,57.11391666666667,52.17744444444445,47.60512500000006
464,2020-10-14,58.0,58.27,56.4,56.96,729375.0,57.2125,52.29966666666667,47.69066666666672
465,2020-10-15,57.05,57.07,55.0,55.14,1221586.0,57.28991666666666,52.408722222222224,47.766083333333384
466,2020-10-16,55.07,56.46,54.58,55.22,1134337.0,57.36016666666667,52.51816666666666,47.84837500000005
467,2020-10-19,55.0,56.4,53.54,54.06,1165744.0,57.41150000000001,52.61827777777776,47.91766666666671
468,2020-10-20,53.86,54.14,53.3,53.95,713094.0,57.455583333333344,52.71922222222221,47.99616666666671
469,2020-10-21,54.11,54.58,52.8,53.0,797350.0,57.49641666666667,52.81605555555554,48.06829166666671
470,2020-10-22,52.52,52.75,51.58,51.95,810879.0,57.53025,52.8996111111111,48.135958333333384
471,2020-10-23,51.36,52.34,49.08,49.53,1098529.0,57.542,52.96827777777777,48.195708333333386
472,2020-10-26,49.53,50.58,48.63,50.12,791097.0,57.568333333333335,53.04116666666667,48.260083333333384
473,2020-10-27,50.12,50.53,49.51,50.0,651371.0,57.57791666666666,53.096833333333336,48.325500000000055
474,2020-10-28,49.99,50.75,49.65,50.35,760016.0,57.59791666666667,53.164833333333334,48.39033333333339
475,2020-10-29,49.87,50.95,49.81,50.63,633586.0,57.64275,53.23066666666666,48.45750000000005
476,2020-10-30,50.68,50.82,48.94,49.6,818736.0,57.68241666666667,53.269944444444434,48.51733333333338
477,2020-11-02,49.54,50.17,47.62,48.12,1113689.0,57.70825,53.277333333333324,48.572791666666724
478,2020-11-03,48.35,49.42,48.06,49.39,584202.0,57.74066666666667,53.30749999999999,48.63395833333339
479,2020-11-04,49.4,49.73,48.47,49.0,457047.0,57.7725,53.335499999999996,48.69437500000006
480,2020-11-05,49.13,49.85,48.76,49.6,614696.0,57.817,53.38055555555555,48.75683333333339
481,2020-11-06,49.49,49.5,48.34,48.99,686545.0,57.853583333333326,53.42177777777778,48.822416666666726
482,2020-11-09,48.79,50.11,48.78,49.8,927960.0,57.89025,53.47366666666667,48.89066666666672
483,2020-11-10,50.21,51.49,49.01,49.4,743590.0,57.92549999999999,53.50083333333333,48.95695833333339
484,2020-11-11,49.0,49.45,48.43,48.92,658767.0,57.96191666666666,53.526777777777774,49.020500000000055
485,2020-11-12,49.09,50.15,48.92,49.19,567515.0,57.988499999999995,53.56155555555556,49.086625000000055
486,2020-11-13,49.19,50.88,48.51,50.61,914926.0,57.99649999999999,53.61194444444444,49.15775000000006
487,2020-11-16,50.59,51.48,50.02,50.21,817825.0,57.99324999999999,53.6585,49.22591666666672
488,2020-11-17,50.22,50.24,48.91,49.35,657194.0,57.980666666666664,53.69938888888888,49.29104166666672
489,2020-11-18,49.0,49.46,48.88,49.03,310921.0,57.97491666666666,53.737611111111114,49.35662500000005
490,2020-11-19,49.0,49.31,48.48,49.13,372000.0,57.965166666666654,53.76755555555555,49.42554166666672
491,2020-11-20,49.15,50.39,49.0,49.7,556875.0,57.94783333333332,53.8125,49.497791666666714
492,2020-11-23,49.53,50.08,49.12,49.95,509744.0,57.93333333333332,53.86133333333334,49.57083333333339
493,2020-11-24,49.9,50.2,49.51,49.63,441050.0,57.91991666666666,53.91122222222222,49.64329166666672
494,2020-11-25,49.64,49.69,48.97,49.15,427650.0,57.89549999999999,53.95022222222223,49.71370833333338
495,2020-11-26,49.06,49.47,47.86,47.87,582944.0,57.860166666666665,53.97633333333334,49.78062500000006
496,2020-11-27,48.28,48.63,47.31,48.43,433030.0,57.833333333333336,54.00211111111112,49.85037500000006
497,2020-11-30,48.16,50.5,48.03,49.99,889793.0,57.817,54.037222222222226,49.92604166666672
498,2020-12-01,49.86,52.98,49.77,51.51,1704769.0,57.77,54.06527777777779,50.00750000000006
499,2020-12-02,51.05,51.96,50.4,51.4,1006846.0,57.711000000000006,54.10450000000001,50.08562500000006
500,2020-12-03,51.41,54.8,51.25,54.55,2329321.0,57.66241666666667,54.16283333333334,50.176125000000056
501,2020-12-04,54.18,55.09,53.57,54.23,1457399.0,57.60941666666667,54.21927777777778,50.26608333333339
502,2020-12-07,54.3,54.35,51.0,51.35,2079967.0,57.52766666666667,54.265777777777785,50.342583333333394
503,2020-12-08,51.25,51.68,50.35,50.86,1095619.0,57.46266666666667,54.31350000000001,50.41604166666673
504,2020-12-09,50.88,51.44,49.75,49.8,778555.0,57.38033333333333,54.35861111111112,50.485666666666724
505,2020-12-10,49.47,50.28,49.22,49.59,661981.0,57.29933333333334,54.403333333333336,50.55279166666673
506,2020-12-11,49.34,49.73,48.21,48.56,952259.0,57.1785,54.43738888888889,50.61412500000006
507,2020-12-14,48.32,48.94,47.86,48.12,904027.0,57.03366666666667,54.474611111111116,50.672500000000056
508,2020-12-15,48.01,49.26,47.98,48.75,615091.0,56.91616666666666,54.508166666666675,50.73491666666673
509,2020-12-16,48.72,49.58,48.6,48.71,528234.0,56.79116666666666,54.540888888888894,50.79766666666672
510,2020-12-17,48.8,50.55,48.8,50.55,1033310.0,56.689166666666665,54.58027777777778,50.86895833333338
511,2020-12-18,50.58,50.58,49.68,49.75,745645.0,56.571583333333336,54.607777777777784,50.937916666666716
512,2020-12-21,49.66,50.16,49.52,49.74,516747.0,56.45425,54.63044444444445,51.00579166666671
513,2020-12-22,49.8,50.83,49.62,50.24,1034100.0,56.31875,54.659722222222236,51.07675000000005
514,2020-12-23,50.2,50.43,49.17,49.25,888224.0,56.1735,54.686222222222234,51.142041666666714
515,2020-12-24,49.0,49.78,48.8,49.02,604455.0,56.037333333333336,54.6968888888889,51.20637500000005
516,2020-12-25,48.98,49.44,48.5,48.78,600050.0,55.9045,54.71200000000002,51.27045833333339
517,2020-12-28,48.9,49.32,47.75,48.05,866803.0,55.768,54.71972222222224,51.326166666666715
518,2020-12-29,48.04,48.19,47.18,47.27,784325.0,55.628750000000004,54.724222222222245,51.37916666666672
519,2020-12-30,47.0,47.45,46.78,46.93,618678.0,55.48625000000001,54.71888888888892,51.43091666666672
520,2020-12-31,46.95,48.22,46.94,48.03,517881.0,55.35116666666668,54.72766666666669,51.48887500000005
521,2021-01-04,48.34,48.9,47.7,48.08,609574.0,55.20475000000001,54.7366666666667,51.54425000000005
522,2021-01-05,48.08,49.37,47.81,49.26,706600.0,55.05758333333335,54.76233333333337,51.60487500000006
523,2021-01-06,49.19,49.58,48.69,49.4,762800.0,54.912583333333345,54.7856666666667,51.665375000000054
524,2021-01-07,49.0,49.05,46.53,47.17,980496.0,54.75716666666668,54.79700000000003,51.71625000000006
525,2021-01-08,46.65,48.16,46.54,47.95,652550.0,54.615083333333345,54.8086666666667,51.768083333333394
526,2021-01-11,47.74,48.01,46.51,46.84,826503.0,54.51308333333335,54.80894444444448,51.81525000000006
527,2021-01-12,46.52,46.83,46.0,46.23,826720.0,54.40050000000001,54.7996666666667,51.857708333333385
528,2021-01-13,46.25,46.69,44.11,44.68,1251059.0,54.271583333333346,54.777555555555594,51.89479166666672
529,2021-01-14,44.96,46.36,44.41,45.41,660358.0,54.137000000000015,54.76261111111114,51.935791666666724
530,2021-01-15,45.3,46.66,45.01,46.59,754759.0,54.00525000000002,54.75538888888892,51.97612500000005
531,2021-01-18,46.0,48.39,45.99,48.21,963607.0,53.86966666666669,54.75588888888892,52.02212500000005
532,2021-01-19,48.09,48.4,47.25,47.71,916514.0,53.771833333333355,54.76005555555558,52.06675000000005
533,2021-01-20,48.01,50.93,48.01,49.04,1609702.0,53.66416666666669,54.76111111111114,52.10450000000005
534,2021-01-21,49.37,49.93,47.16,48.56,1236000.0,53.55233333333336,54.76450000000003,52.148041666666714
535,2021-01-22,48.33,50.5,48.33,50.13,1369153.0,53.40191666666669,54.79161111111113,52.19533333333337
536,2021-01-25,50.48,51.24,49.38,50.04,1102956.0,53.23891666666669,54.820500000000024,52.22662500000004
537,2021-01-26,50.0,50.45,49.2,50.3,788854.0,53.083083333333356,54.84983333333335,52.241250000000036
538,2021-01-27,49.93,50.45,48.73,48.83,807650.0,52.902500000000025,54.86833333333335,52.26154166666671
539,2021-01-28,48.23,49.15,47.5,47.52,540750.0,52.721833333333365,54.88133333333335,52.276375000000044
540,2021-01-29,47.52,47.97,46.2,46.49,674435.0,52.52425000000003,54.89372222222224,52.29720833333338
541,2021-02-01,46.5,48.32,46.08,48.18,625860.0,52.37408333333337,54.91361111111112,52.324750000000044
542,2021-02-02,48.31,50.98,47.58,50.18,1080085.0,52.25100000000004,54.940166666666684,52.36525000000005
543,2021-02-03,50.18,50.77,49.51,49.91,696598.0,52.127750000000034,54.96650000000002,52.387750000000054
544,2021-02-04,49.87,50.5,48.68,49.5,785029.0,52.0134166666667,54.99400000000002,52.40962500000005
545,2021-02-05,49.65,51.58,49.59,50.2,1023431.0,51.923416666666704,55.017333333333355,52.43991666666672
546,2021-02-08,50.59,51.8,50.3,51.4,876804.0,51.849250000000026,55.02705555555558,52.481000000000044
547,2021-02-09,51.51,51.88,50.4,51.01,781696.0,51.76950000000003,55.029333333333355,52.51925000000005
548,2021-02-10,50.85,53.03,50.32,52.85,1045432.0,51.7031666666667,55.04038888888891,52.56450000000005
549,2021-02-18,52.85,52.93,51.71,51.94,903456.0,51.62250000000003,55.05272222222225,52.60529166666672
550,2021-02-19,51.95,52.0,50.41,51.13,824350.0,51.54916666666669,55.05733333333336,52.63608333333339
551,2021-02-22,51.19,51.5,50.01,50.03,852800.0,51.47383333333336,55.04761111111114,52.67116666666672
552,2021-02-23,49.95,51.95,49.82,51.95,854562.0,51.415416666666694,55.04905555555558,52.716125000000055
553,2021-02-24,51.65,52.5,50.15,50.36,718020.0,51.33616666666669,55.0441666666667,52.756583333333396
554,2021-02-25,50.51,50.88,50.02,50.49,399698.0,51.255250000000025,55.03533333333337,52.79141666666673
555,2021-02-26,49.7,50.39,49.34,49.79,341835.0,51.18816666666669,55.02244444444448,52.81900000000007
556,2021-03-01,49.8,50.63,49.4,49.7,526348.0,51.119833333333354,55.01161111111115,52.84362500000007
557,2021-03-02,49.7,50.14,49.53,49.89,353468.0,51.043666666666695,55.0001666666667,52.86954166666673
558,2021-03-03,49.58,50.25,49.5,50.1,326400.0,50.97525000000003,54.96100000000004,52.8847083333334
559,2021-03-04,50.11,50.12,48.0,48.09,744106.0,50.89183333333336,54.90327777777782,52.9003333333334
560,2021-03-05,47.99,48.98,47.15,48.14,370649.0,50.813000000000024,54.83527777777782,52.91737500000007
561,2021-03-08,48.15,48.48,46.08,46.45,540200.0,50.72441666666669,54.756722222222265,52.92729166666674
562,2021-03-09,46.45,46.64,44.9,45.39,645613.0,50.63241666666669,54.66911111111116,52.937333333333406
563,2021-03-10,45.6,46.24,45.34,45.84,425002.0,50.5604166666667,54.59788888888893,52.9522083333334
564,2021-03-11,45.98,46.5,45.76,46.13,331400.0,50.48133333333337,54.522611111111146,52.970750000000066
565,2021-03-12,46.34,46.4,45.23,45.85,317900.0,50.418583333333366,54.44783333333338,52.9887083333334
566,2021-03-15,46.0,46.18,45.37,45.65,296500.0,50.3646666666667,54.35111111111116,53.00212500000006
567,2021-03-16,45.96,46.54,45.7,46.42,271134.0,50.3054166666667,54.24511111111116,53.02295833333339
568,2021-03-17,46.27,46.5,45.95,46.0,285055.0,50.2414166666667,54.15150000000004,53.03666666666673
569,2021-03-18,46.11,46.36,45.85,46.2,256244.0,50.17650000000003,54.05422222222227,53.05075000000007
570,2021-03-19,46.01,46.35,45.6,45.98,287855.0,50.11808333333337,53.960833333333376,53.06125000000007
571,2021-03-22,45.97,46.59,45.84,46.36,382850.0,50.06175000000003,53.863611111111155,53.067750000000075
572,2021-03-23,46.36,46.44,45.36,45.6,293000.0,49.99058333333336,53.762388888888935,53.06750000000008
573,2021-03-24,45.6,45.94,44.85,45.21,311349.0,49.91850000000003,53.64411111111115,53.06850000000008
574,2021-03-25,45.02,45.48,44.55,44.66,354350.0,49.83950000000003,53.52177777777782,53.06925000000008
575,2021-03-26,44.72,46.1,44.72,45.62,509464.0,49.74716666666669,53.41211111111115,53.06308333333342
576,2021-03-29,45.8,46.08,45.6,46.03,216549.0,49.6631666666667,53.308277777777825,53.06295833333342
577,2021-03-30,46.0,46.49,45.9,46.28,254684.0,49.578583333333356,53.2074444444445,53.06137500000009
578,2021-03-31,46.28,46.42,45.5,46.39,294150.0,49.48066666666669,53.109722222222274,53.06108333333342
579,2021-04-01,46.2,46.63,45.89,46.5,252500.0,49.39258333333336,53.01233333333338,53.05529166666676
580,2021-04-02,46.21,46.49,45.96,46.15,254500.0,49.30591666666669,52.91183333333338,53.054041666666755
581,2021-04-06,45.98,46.19,45.67,46.02,217028.0,49.20958333333336,52.80277777777783,53.052208333333425
582,2021-04-07,46.01,46.97,45.69,46.8,461313.0,49.11600000000003,52.691000000000045,53.061208333333425
583,2021-04-08,46.7,47.8,46.52,47.75,561930.0,49.02975000000003,52.585166666666716,53.07183333333342
584,2021-04-09,47.74,47.75,46.9,47.0,320975.0,48.94675000000003,52.480611111111166,53.07962500000009
585,2021-04-12,46.99,47.18,45.7,45.9,334300.0,48.869750000000025,52.37450000000005,53.079833333333426
586,2021-04-13,45.76,46.57,45.6,45.82,283200.0,48.791416666666684,52.30083333333338,53.07579166666675
587,2021-04-14,44.4,45.31,43.51,45.14,959241.0,48.71708333333335,52.219722222222266,53.064291666666755
588,2021-04-15,45.0,45.14,44.31,44.71,399418.0,48.64008333333335,52.13394444444449,53.047833333333415
589,2021-04-16,44.5,44.84,44.33,44.64,319050.0,48.57041666666669,52.03994444444449,53.033416666666746
590,2021-04-19,44.63,44.93,43.67,44.69,589375.0,48.50991666666668,51.9415555555556,53.02008333333342
591,2021-04-20,44.54,45.55,44.05,45.08,565630.0,48.472833333333355,51.833777777777826,53.00741666666674
592,2021-04-21,45.08,45.8,44.69,45.23,508498.0,48.43208333333335,51.75477777777782,53.00020833333341
593,2021-04-22,45.28,45.8,44.66,45.73,645384.0,48.39650000000002,51.66461111111116,52.98720833333341
594,2021-04-23,46.61,46.65,45.35,45.55,530650.0,48.35650000000001,51.57333333333338,52.9772083333334
595,2021-04-26,45.05,47.13,45.01,46.54,787054.0,48.322416666666676,51.453111111111156,52.98258333333341
596,2021-04-27,46.58,46.9,45.75,46.01,848886.0,48.29250000000001,51.3220555555556,52.98745833333341
597,2021-04-28,46.0,46.47,45.78,46.0,528400.0,48.27483333333335,51.19427777777783,52.99154166666674
598,2021-04-29,45.58,46.17,45.33,45.66,549863.0,48.243750000000006,51.05627777777782,52.99220833333341
599,2021-04-30,45.37,46.44,45.17,46.36,484417.0,48.22175000000001,50.92938888888894,52.997125000000075
