,date,open,high,low,close,volume,120,180,240
0,2018-11-13,6.07,6.34,6.04,6.27,5150545.0,,,
1,2018-11-14,6.25,6.34,6.2,6.23,3652013.0,,,
2,2018-11-15,6.23,6.31,6.2,6.29,3343600.0,,,
3,2018-11-16,6.33,6.53,6.32,6.47,5031818.0,,,
4,2018-11-19,6.47,6.55,6.39,6.52,3726613.0,,,
5,2018-11-20,6.5,6.51,6.23,6.25,4742750.0,,,
6,2018-11-21,6.18,6.33,6.14,6.32,3400595.0,,,
7,2018-11-22,6.34,6.46,6.32,6.37,2430000.0,,,
8,2018-11-23,6.35,6.4,5.99,6.02,3922493.0,,,
9,2018-11-26,6.01,6.23,6.0,6.17,3374350.0,,,
10,2018-11-27,6.23,6.29,6.07,6.14,2862000.0,,,
11,2018-11-28,6.14,6.26,6.01,6.24,2885650.0,,,
12,2018-11-29,6.27,6.37,6.16,6.16,3655050.0,,,
13,2018-11-30,6.13,6.21,6.0,6.18,3145450.0,,,
14,2018-12-03,6.26,6.37,6.26,6.3,4253075.0,,,
15,2018-12-04,6.27,6.31,6.24,6.3,2207873.0,,,
16,2018-12-05,6.22,6.27,6.19,6.23,1998850.0,,,
17,2018-12-06,6.22,6.23,6.08,6.11,2652250.0,,,
18,2018-12-07,6.12,6.16,6.08,6.14,1509909.0,,,
19,2018-12-10,6.08,6.18,6.07,6.16,2150900.0,,,
20,2018-12-11,6.15,6.77,6.13,6.61,19229325.0,,,
21,2018-12-12,6.5,6.55,6.33,6.55,15098159.0,,,
22,2018-12-13,6.45,6.6,6.38,6.59,9735102.0,,,
23,2018-12-14,6.52,6.75,6.48,6.59,9705496.0,,,
24,2018-12-17,6.57,6.83,6.37,6.82,10626625.0,,,
25,2018-12-18,6.74,6.83,6.51,6.54,8630300.0,,,
26,2018-12-19,6.47,6.57,6.21,6.25,7066818.0,,,
27,2018-12-20,6.24,6.28,6.12,6.22,3938200.0,,,
28,2018-12-21,6.23,6.25,6.06,6.08,4913122.0,,,
29,2018-12-24,6.08,6.11,5.96,6.06,3883336.0,,,
30,2018-12-25,5.98,5.99,5.73,5.88,4451414.0,,,
31,2018-12-26,5.88,5.93,5.82,5.86,2031709.0,,,
32,2018-12-27,5.93,6.01,5.63,5.66,2926070.0,,,
33,2018-12-28,5.69,5.75,5.66,5.71,2070227.0,,,
34,2019-01-02,5.7,5.82,5.69,5.74,2006950.0,,,
35,2019-01-03,5.77,5.85,5.72,5.76,2466496.0,,,
36,2019-01-04,5.68,5.94,5.64,5.91,2860527.0,,,
37,2019-01-07,5.93,6.04,5.9,6.0,2638450.0,,,
38,2019-01-08,6.03,6.03,5.96,5.98,1772512.0,,,
39,2019-01-09,5.98,6.06,5.95,5.96,2734300.0,,,
40,2019-01-10,5.96,6.01,5.93,5.96,2633878.0,,,
41,2019-01-11,5.94,6.06,5.93,6.04,3744436.0,,,
42,2019-01-14,6.02,6.03,5.93,5.93,2705974.0,,,
43,2019-01-15,5.94,6.05,5.94,6.02,2715200.0,,,
44,2019-01-16,6.02,6.03,5.96,5.98,2176900.0,,,
45,2019-01-17,5.97,5.99,5.89,5.95,2461450.0,,,
46,2019-01-18,5.95,5.98,5.88,5.96,2366528.0,,,
47,2019-01-21,5.97,6.1,5.97,6.03,3042253.0,,,
48,2019-01-22,6.02,6.09,5.91,5.97,2096366.0,,,
49,2019-01-23,5.97,6.03,5.94,6.03,1627150.0,,,
50,2019-01-24,6.02,6.06,5.98,6.0,2284450.0,,,
51,2019-01-25,6.0,6.02,5.94,5.95,2286902.0,,,
52,2019-01-28,5.99,6.05,5.91,5.94,2429600.0,,,
53,2019-01-29,5.97,5.97,5.68,5.75,3151303.0,,,
54,2019-01-30,5.73,5.79,5.7,5.71,1336430.0,,,
55,2019-01-31,5.66,5.73,5.51,5.59,4205477.0,,,
56,2019-02-01,5.63,5.79,5.61,5.76,2096513.0,,,
57,2019-02-11,5.77,5.87,5.77,5.86,2668830.0,,,
58,2019-02-12,5.86,6.01,5.84,5.95,3332426.0,,,
59,2019-02-13,5.97,6.06,5.94,6.04,3318722.0,,,
60,2019-02-14,6.04,6.08,5.98,6.07,2899840.0,,,
61,2019-02-15,6.07,6.18,6.03,6.05,3542843.0,,,
62,2019-02-18,6.08,6.3,6.08,6.26,3730440.0,,,
63,2019-02-19,6.31,6.37,6.14,6.2,4857968.0,,,
64,2019-02-20,6.23,6.33,6.18,6.27,3915075.0,,,
65,2019-02-21,6.25,6.41,6.2,6.24,5038975.0,,,
66,2019-02-22,6.24,6.39,6.21,6.38,4369642.0,,,
67,2019-02-25,6.38,6.72,6.38,6.7,8385952.0,,,
68,2019-02-26,6.71,6.91,6.6,6.68,8173059.0,,,
69,2019-02-27,6.69,6.79,6.56,6.64,6573843.0,,,
70,2019-02-28,6.64,6.69,6.56,6.68,4652790.0,,,
71,2019-03-01,6.7,6.71,6.57,6.66,4188800.0,,,
72,2019-03-04,6.67,6.83,6.63,6.68,6540088.0,,,
73,2019-03-05,6.68,6.89,6.63,6.86,7917438.0,,,
74,2019-03-06,6.87,6.99,6.8,6.97,7511631.0,,,
75,2019-03-07,6.96,7.2,6.94,7.09,8483044.0,,,
76,2019-03-08,7.03,7.03,6.68,6.68,8785900.0,,,
77,2019-03-11,6.69,6.93,6.69,6.91,5625429.0,,,
78,2019-03-12,6.97,7.12,6.89,7.04,9155036.0,,,
79,2019-03-13,7.05,7.19,6.9,6.98,9831147.0,,,
80,2019-03-14,6.87,6.97,6.64,6.72,7752588.0,,,
81,2019-03-15,6.75,7.04,6.72,7.04,10137877.0,,,
82,2019-03-18,7.0,7.15,6.91,7.15,9515282.0,,,
83,2019-03-19,7.17,7.2,7.03,7.11,6935325.0,,,
84,2019-03-20,7.14,7.28,6.97,7.25,7813124.0,,,
85,2019-03-21,7.16,7.3,7.16,7.21,7840218.0,,,
86,2019-03-22,7.21,7.51,7.17,7.37,10294358.0,,,
87,2019-03-25,7.19,7.29,7.12,7.15,5545778.0,,,
88,2019-03-26,7.16,7.33,6.99,7.05,6401573.0,,,
89,2019-03-27,7.09,7.11,6.94,7.1,4396100.0,,,
90,2019-03-28,7.09,7.12,6.94,6.95,3264250.0,,,
91,2019-03-29,6.97,7.13,6.82,7.12,5029975.0,,,
92,2019-04-01,7.14,7.35,7.14,7.33,7991058.0,,,
93,2019-04-02,7.35,7.57,7.33,7.5,8970557.0,,,
94,2019-04-03,7.45,7.56,7.39,7.53,6000972.0,,,
95,2019-04-04,7.54,7.59,7.41,7.47,5447650.0,,,
96,2019-04-08,7.5,7.74,7.45,7.58,7574424.0,,,
97,2019-04-09,7.57,7.57,7.43,7.57,4461972.0,,,
98,2019-04-10,7.52,7.58,7.41,7.51,4193773.0,,,
99,2019-04-11,7.46,7.58,7.33,7.34,4753300.0,,,
100,2019-04-12,7.35,7.4,7.28,7.35,2856450.0,,,
101,2019-04-15,7.43,7.52,7.24,7.24,3281925.0,,,
102,2019-04-16,7.18,7.44,7.17,7.4,4709745.0,,,
103,2019-04-17,7.48,7.49,7.4,7.44,4417650.0,,,
104,2019-04-18,7.46,7.59,7.43,7.45,3943752.0,,,
105,2019-04-19,7.4,7.53,7.34,7.46,4425250.0,,,
106,2019-04-22,7.51,7.58,7.38,7.41,3617952.0,,,
107,2019-04-23,7.36,7.42,7.09,7.16,4885527.0,,,
108,2019-04-24,7.16,7.26,7.09,7.26,3409892.0,,,
109,2019-04-25,7.26,7.26,6.86,6.86,4664250.0,,,
110,2019-04-26,6.84,6.96,6.78,6.86,3116825.0,,,
111,2019-04-29,6.85,6.89,6.55,6.57,4911485.0,,,
112,2019-04-30,6.55,6.76,6.55,6.73,3893190.0,,,
113,2019-05-06,6.62,6.64,6.18,6.25,4951698.0,,,
114,2019-05-07,6.31,6.41,6.23,6.36,2777000.0,,,
115,2019-05-08,6.29,6.49,6.22,6.38,3229550.0,,,
116,2019-05-09,6.31,6.44,6.31,6.33,1721765.0,,,
117,2019-05-10,6.43,6.58,6.31,6.58,3578125.0,,,
118,2019-05-13,6.54,6.63,6.49,6.59,1778553.0,,,
119,2019-05-14,6.49,6.65,6.48,6.51,1732975.0,6.511166666666671,,
120,2019-05-15,6.55,6.64,6.53,6.59,2163571.0,6.513833333333339,,
121,2019-05-16,6.58,6.66,6.55,6.63,2726500.0,6.517166666666672,,
122,2019-05-17,6.63,6.63,6.27,6.36,3142024.0,6.517750000000006,,
123,2019-05-20,6.35,6.35,6.2,6.33,2037121.0,6.516583333333339,,
124,2019-05-21,6.32,6.44,6.27,6.4,1784900.0,6.515583333333339,,
125,2019-05-22,6.45,6.45,6.23,6.3,1449850.0,6.516000000000005,,
126,2019-05-23,6.29,6.34,6.2,6.22,1458240.0,6.515166666666672,,
127,2019-05-24,6.22,6.24,6.1,6.11,2135499.0,6.513000000000005,,
128,2019-05-27,6.16,6.34,6.12,6.33,2569002.0,6.515583333333339,,
129,2019-05-28,6.29,6.36,6.26,6.3,1828950.0,6.516666666666672,,
130,2019-05-29,6.3,6.32,6.24,6.28,1599079.0,6.517833333333339,,
131,2019-05-30,6.28,6.28,6.12,6.22,2375492.0,6.517666666666672,,
132,2019-05-31,6.22,6.26,6.13,6.18,2127506.0,6.517833333333339,,
133,2019-06-03,6.18,6.2,6.0,6.03,2519820.0,6.516583333333339,,
134,2019-06-04,6.04,6.05,5.91,5.93,2289635.0,6.513500000000006,,
135,2019-06-05,5.99,6.05,5.93,6.03,2613228.0,6.511250000000006,,
136,2019-06-06,5.96,5.98,5.73,5.8,3397379.0,6.507666666666672,,
137,2019-06-10,5.8,5.89,5.79,5.85,1770826.0,6.505500000000006,,
138,2019-06-11,5.86,6.11,5.86,6.09,2835067.0,6.5050833333333395,,
139,2019-06-12,6.04,6.13,6.04,6.09,2420755.0,6.504500000000006,,
140,2019-06-13,6.09,6.19,6.05,6.15,2187100.0,6.500666666666673,,
141,2019-06-14,6.12,6.17,6.04,6.04,1873304.0,6.496416666666673,,
142,2019-06-17,6.07,6.07,5.97,6.03,2008900.0,6.491750000000006,,
143,2019-06-18,6.03,6.07,5.97,6.01,1716200.0,6.486916666666672,,
144,2019-06-19,6.08,6.13,6.08,6.08,2211272.0,6.480750000000005,,
145,2019-06-20,6.08,6.21,6.08,6.18,2667408.0,6.477750000000005,,
146,2019-06-21,6.21,6.35,6.2,6.28,3063859.0,6.478000000000005,,
147,2019-06-24,6.34,6.34,6.2,6.27,2693114.0,6.478416666666671,,
148,2019-06-25,6.29,6.29,6.16,6.22,1887183.0,6.479583333333338,,
149,2019-06-26,6.2,6.26,6.18,6.2,1488500.0,6.480750000000005,,
150,2019-06-27,6.24,6.3,6.21,6.26,1985950.0,6.483916666666672,,
151,2019-06-28,6.25,6.26,6.06,6.13,2524950.0,6.486166666666672,,
152,2019-07-01,6.19,6.31,6.19,6.29,3317097.0,6.491416666666671,,
153,2019-07-02,6.28,6.31,6.24,6.27,1667965.0,6.496083333333337,,
154,2019-07-03,6.29,6.29,6.18,6.2,2064720.0,6.499916666666672,,
155,2019-07-04,6.21,6.26,6.17,6.2,1585330.0,6.503583333333339,,
156,2019-07-05,6.15,6.16,6.07,6.11,2808590.0,6.5052500000000055,,
157,2019-07-08,6.11,6.12,5.86,5.9,2955600.0,6.504416666666672,,
158,2019-07-09,5.92,5.94,5.84,5.91,1863802.0,6.503833333333338,,
159,2019-07-10,5.94,5.96,5.84,5.88,1450631.0,6.503166666666671,,
160,2019-07-11,5.87,5.94,5.79,5.82,2607319.0,6.502000000000005,,
161,2019-07-12,5.82,5.93,5.81,5.9,2177933.0,6.500833333333338,,
162,2019-07-15,5.91,5.98,5.82,5.97,2381167.0,6.5011666666666725,,
163,2019-07-16,5.97,5.99,5.92,5.99,1657897.0,6.500916666666672,,
164,2019-07-17,5.98,6.02,5.92,5.93,1464919.0,6.500500000000005,,
165,2019-07-18,5.93,5.93,5.82,5.84,1605550.0,6.499583333333338,,
166,2019-07-19,5.85,5.93,5.84,5.86,1369000.0,6.498750000000005,,
167,2019-07-22,5.87,5.89,5.62,5.64,2819002.0,6.495500000000005,,
168,2019-07-23,5.65,5.78,5.65,5.7,1362333.0,6.493250000000005,,
169,2019-07-24,5.75,5.81,5.73,5.76,1402183.0,6.491000000000005,,
170,2019-07-25,5.8,5.81,5.74,5.77,1404850.0,6.489083333333339,,
171,2019-07-26,5.74,5.79,5.73,5.79,1068925.0,6.487750000000005,,
172,2019-07-29,5.83,5.92,5.75,5.8,1875425.0,6.486583333333337,,
173,2019-07-30,5.77,5.86,5.75,5.83,2434298.0,6.487250000000004,,
174,2019-07-31,5.82,5.82,5.69,5.74,1694127.0,6.487500000000003,,
175,2019-08-01,5.74,5.8,5.7,5.76,1503309.0,6.48891666666667,,
176,2019-08-02,5.69,5.94,5.45,5.71,3475974.0,6.488500000000004,,
177,2019-08-05,5.65,5.68,5.59,5.6,1866701.0,6.486333333333337,,
178,2019-08-06,5.55,5.55,5.32,5.41,2573600.0,6.481833333333337,,
179,2019-08-07,5.44,5.46,5.38,5.4,1010100.0,6.476500000000003,6.3513333333333355,
180,2019-08-08,5.45,5.45,5.39,5.4,1215756.0,6.470916666666669,6.346500000000003,
181,2019-08-09,5.44,5.46,5.34,5.38,1545781.0,6.465333333333336,6.341777777777781,
182,2019-08-12,5.38,5.48,5.36,5.47,1576457.0,6.458750000000004,6.337222222222226,
183,2019-08-13,5.46,5.46,5.42,5.46,980900.0,6.452583333333337,6.3316111111111155,
184,2019-08-14,5.49,5.53,5.4,5.44,1690100.0,6.44566666666667,6.325611111111115,
185,2019-08-15,5.32,5.47,5.29,5.43,2083378.0,6.43891666666667,6.32105555555556,
186,2019-08-16,5.42,5.6,5.4,5.48,2307175.0,6.43141666666667,6.316388888888894,
187,2019-08-19,5.61,5.74,5.56,5.73,4502023.0,6.4233333333333364,6.312833333333339,
188,2019-08-20,5.7,6.31,5.68,6.31,13665419.0,6.420250000000004,6.31444444444445,
189,2019-08-21,6.43,6.47,6.16,6.17,19371395.0,6.416333333333337,6.31444444444445,
190,2019-08-22,6.1,6.26,6.0,6.17,10365335.0,6.412083333333337,6.314611111111117,
191,2019-08-23,6.14,6.14,5.97,5.99,5783243.0,6.406500000000004,6.313222222222228,
192,2019-08-26,5.85,5.93,5.82,5.9,4118045.0,6.400000000000004,6.311777777777784,
193,2019-08-27,5.92,6.24,5.9,6.04,6468701.0,6.39316666666667,6.311000000000005,
194,2019-08-28,6.0,6.09,5.94,6.04,4061551.0,6.38541666666667,6.309555555555561,
195,2019-08-29,6.05,6.11,5.98,6.0,4475857.0,6.376333333333336,6.307888888888894,
196,2019-08-30,6.09,6.1,5.88,5.89,4298070.0,6.3697500000000025,6.306000000000006,
197,2019-09-02,5.89,6.06,5.86,6.06,3908800.0,6.362666666666669,6.3057222222222284,
198,2019-09-03,6.06,6.08,6.0,6.03,3748573.0,6.354250000000003,6.305111111111117,
199,2019-09-04,6.08,6.16,6.01,6.09,4836806.0,6.346833333333336,6.304722222222226,
200,2019-09-05,6.12,6.24,6.08,6.12,7521056.0,6.341833333333336,6.302000000000005,
201,2019-09-06,6.11,6.15,6.02,6.06,3500650.0,6.333666666666669,6.299277777777783,
202,2019-09-09,6.11,6.14,6.06,6.13,3542495.0,6.32516666666667,6.296722222222228,
203,2019-09-10,6.13,6.22,6.07,6.21,4014942.0,6.317666666666669,6.294611111111117,
204,2019-09-11,6.22,6.22,6.12,6.2,3405500.0,6.30891666666667,6.2911666666666735,
205,2019-09-12,6.2,6.22,6.15,6.2,2081623.0,6.300500000000003,6.289277777777785,
206,2019-09-16,6.23,6.24,6.13,6.15,3018848.0,6.290333333333336,6.28872222222223,
207,2019-09-17,6.18,6.18,5.96,6.05,3600700.0,6.281166666666669,6.2877777777777855,
208,2019-09-18,6.03,6.06,6.0,6.03,1472400.0,6.2726666666666695,6.287500000000008,
209,2019-09-19,6.04,6.08,6.01,6.08,1746181.0,6.26416666666667,6.287611111111119,
210,2019-09-20,6.06,6.1,6.03,6.03,2474275.0,6.256500000000003,6.288444444444451,
211,2019-09-23,6.04,6.04,5.9,5.96,2756100.0,6.246833333333337,6.289000000000008,
212,2019-09-24,5.94,6.03,5.94,6.0,2013000.0,6.235750000000002,6.290888888888896,
213,2019-09-25,6.0,6.01,5.87,5.88,1863499.0,6.2222500000000025,6.291833333333341,
214,2019-09-26,5.9,5.92,5.71,5.75,2874631.0,6.20741666666667,6.291888888888896,
215,2019-09-27,5.76,5.88,5.75,5.86,2650318.0,6.194000000000003,6.292444444444452,
216,2019-09-30,5.87,5.88,5.71,5.73,2258800.0,6.178583333333336,6.291444444444451,
217,2019-10-08,5.77,5.84,5.75,5.78,1399800.0,6.163666666666669,6.290222222222228,
218,2019-10-09,5.76,5.89,5.71,5.88,1569850.0,6.150083333333336,6.289666666666673,
219,2019-10-10,5.89,6.0,5.88,5.99,2234131.0,6.138833333333335,6.28983333333334,
220,2019-10-11,5.99,6.04,5.95,6.02,2273550.0,6.127750000000002,6.290166666666673,
221,2019-10-14,6.03,6.1,6.03,6.09,3354550.0,6.118166666666668,6.290444444444451,
222,2019-10-15,6.1,6.1,6.03,6.07,1760300.0,6.107083333333335,6.291222222222228,
223,2019-10-16,6.1,6.1,5.95,6.0,2649700.0,6.095083333333335,6.291111111111117,
224,2019-10-17,6.0,6.01,5.9,5.93,2277725.0,6.082416666666668,6.290833333333339,
225,2019-10-18,5.94,5.97,5.81,5.92,2463634.0,6.069583333333333,6.290666666666673,
226,2019-10-21,5.9,5.9,5.77,5.82,2456946.0,6.056333333333334,6.289888888888894,
227,2019-10-22,5.83,5.9,5.81,5.87,1761150.0,6.045583333333335,6.289000000000005,
228,2019-10-23,5.91,5.92,5.84,5.87,2048096.0,6.034000000000002,6.2884444444444485,
229,2019-10-24,5.9,5.91,5.84,5.91,1656225.0,6.026083333333334,6.287777777777783,
230,2019-10-25,5.91,5.99,5.82,5.99,2467905.0,6.018833333333334,6.287722222222227,
231,2019-10-28,6.0,6.06,5.94,6.05,2528582.0,6.0145,6.2882777777777825,
232,2019-10-29,6.07,6.07,5.98,6.0,2121500.0,6.008416666666666,6.288611111111115,
233,2019-10-30,6.02,6.04,5.95,5.99,2126000.0,6.00625,6.289944444444449,
234,2019-10-31,6.0,6.03,5.93,6.0,2619493.0,6.0032499999999995,6.29155555555556,
235,2019-11-01,6.0,6.0,5.89,6.0,2621250.0,6.000083333333333,6.293833333333338,
236,2019-11-04,6.01,6.05,5.96,6.03,2300950.0,5.997583333333333,6.295333333333337,
237,2019-11-05,6.02,6.06,5.96,6.05,2657600.0,5.993166666666665,6.2963888888888935,
238,2019-11-06,6.03,6.1,5.96,6.0,2760893.0,5.988249999999998,6.296666666666671,
239,2019-11-07,5.99,6.02,5.92,5.95,2404700.0,5.983583333333332,6.296166666666672,6.2473750000000035
240,2019-11-08,5.98,6.02,5.9,5.9,1659900.0,5.977833333333332,6.295222222222228,6.245833333333337
241,2019-11-11,5.85,5.88,5.64,5.69,3470650.0,5.969999999999999,6.293222222222228,6.243583333333337
242,2019-11-12,5.68,5.71,5.59,5.7,1864555.0,5.964499999999999,6.290111111111117,6.241125000000005
243,2019-11-13,5.68,5.71,5.64,5.68,1307505.0,5.959083333333331,6.287222222222229,6.237833333333338
244,2019-11-14,5.68,5.72,5.64,5.68,1593855.0,5.953083333333331,6.283944444444452,6.234333333333338
245,2019-11-15,5.67,5.68,5.56,5.57,1888908.0,5.946999999999999,6.280222222222229,6.231500000000005
246,2019-11-18,5.57,5.61,5.56,5.59,1091050.0,5.941749999999999,6.275833333333339,6.228458333333338
247,2019-11-19,5.6,5.71,5.58,5.7,1635400.0,5.938333333333333,6.270277777777784,6.225666666666672
248,2019-11-20,5.7,5.71,5.6,5.63,1239650.0,5.932499999999999,6.26444444444445,6.224041666666673
249,2019-11-21,5.59,5.66,5.58,5.65,1434650.0,5.927083333333332,6.258944444444451,6.221875000000006
250,2019-11-22,5.66,5.71,5.62,5.67,1818400.0,5.921999999999999,6.253333333333339,6.2199166666666725
251,2019-11-25,5.68,5.77,5.63,5.75,1817900.0,5.918083333333332,6.248277777777783,6.217875000000006
252,2019-11-26,5.79,5.8,5.68,5.77,1822150.0,5.914666666666665,6.243222222222228,6.216250000000005
253,2019-11-27,5.77,5.77,5.68,5.71,1274183.0,5.912,6.236833333333339,6.214291666666671
254,2019-11-28,5.69,5.75,5.68,5.7,1544750.0,5.910083333333334,6.229777777777784,6.211791666666672
255,2019-11-29,5.71,5.73,5.67,5.72,1296050.0,5.907500000000001,6.222166666666673,6.209375000000006
256,2019-12-02,5.71,5.86,5.7,5.84,2949800.0,5.907833333333334,6.217500000000006,6.207750000000005
257,2019-12-03,5.81,5.87,5.77,5.87,1813464.0,5.908000000000001,6.211722222222226,6.206750000000005
258,2019-12-04,5.84,5.9,5.82,5.85,1229941.0,5.9060000000000015,6.2051111111111155,6.205541666666671
259,2019-12-05,5.86,5.9,5.83,5.87,1473257.0,5.904166666666668,6.198944444444448,6.204333333333337
260,2019-12-06,5.88,5.89,5.82,5.87,1307867.0,5.901833333333334,6.1942222222222245,6.2012500000000035
261,2019-12-09,5.89,5.9,5.83,5.85,1524675.0,5.9002500000000015,6.187611111111114,6.198333333333337
262,2019-12-10,5.86,5.86,5.79,5.86,2063425.0,5.898833333333335,6.180444444444446,6.19529166666667
263,2019-12-11,5.85,5.86,5.8,5.81,1265634.0,5.897166666666668,6.173222222222224,6.19204166666667
264,2019-12-12,5.81,5.82,5.76,5.77,1098000.0,5.894583333333334,6.165000000000002,6.18766666666667
265,2019-12-13,5.79,5.86,5.79,5.85,2040579.0,5.891833333333335,6.157444444444446,6.18479166666667
266,2019-12-16,5.88,5.94,5.84,5.94,2797348.0,5.889000000000002,6.1495000000000015,6.183500000000004
267,2019-12-17,5.94,6.04,5.92,6.0,3060491.0,5.886750000000003,6.1431111111111125,6.182583333333337
268,2019-12-18,6.0,6.05,5.97,6.01,2050550.0,5.8850000000000025,6.137333333333335,6.1822916666666705
269,2019-12-19,6.01,6.04,5.99,6.04,1934116.0,5.883666666666668,6.131444444444446,6.182208333333337
270,2019-12-20,6.03,6.06,5.98,6.0,2068550.0,5.881500000000002,6.126166666666668,6.182708333333337
271,2019-12-23,6.0,6.01,5.88,5.88,2314200.0,5.8794166666666685,6.11927777777778,6.182791666666671
272,2019-12-24,5.9,5.96,5.87,5.96,1997330.0,5.876666666666669,6.11166666666667,6.184041666666671
273,2019-12-25,5.94,6.0,5.93,5.96,1819130.0,5.874083333333336,6.103111111111114,6.1850833333333375
274,2019-12-26,5.96,6.01,5.94,6.01,2149120.0,5.872500000000002,6.0946666666666705,6.1862083333333375
275,2019-12-27,6.01,6.05,5.97,5.98,2558354.0,5.8706666666666685,6.086388888888893,6.187125000000004
276,2019-12-30,5.98,6.04,5.91,6.04,3370191.0,5.870083333333335,6.077833333333337,6.18766666666667
277,2019-12-31,6.04,6.06,6.01,6.05,2321350.0,5.871333333333335,6.069388888888893,6.187875000000004
278,2020-01-02,6.08,6.15,6.05,6.13,4330833.0,5.873166666666668,6.061722222222227,6.188500000000004
279,2020-01-03,6.16,6.17,6.09,6.13,2618150.0,5.875250000000002,6.055000000000006,6.189208333333338
280,2020-01-06,6.1,6.29,6.08,6.16,4002626.0,5.878083333333334,6.048388888888895,6.190041666666671
281,2020-01-07,6.17,6.23,6.15,6.23,3393168.0,5.880833333333334,6.0427777777777845,6.190833333333338
282,2020-01-08,6.22,6.22,6.08,6.09,3893108.0,5.881833333333335,6.035500000000005,6.191500000000004
283,2020-01-09,6.13,6.37,6.13,6.3,6156834.0,5.8844166666666675,6.029166666666672,6.19266666666667
284,2020-01-10,6.36,6.39,6.25,6.31,4331387.0,5.8875833333333345,6.022833333333338,6.19404166666667
285,2020-01-13,6.3,6.3,6.19,6.27,3629950.0,5.891166666666667,6.016222222222226,6.195375000000003
286,2020-01-14,6.31,6.31,6.24,6.26,3644342.0,5.8945,6.009833333333337,6.196625000000003
287,2020-01-15,6.27,6.27,6.15,6.19,2947412.0,5.899083333333334,6.004444444444448,6.19729166666667
288,2020-01-16,6.19,6.21,6.14,6.15,2235101.0,5.902833333333334,5.998277777777782,6.19804166666667
289,2020-01-17,6.16,6.18,6.13,6.15,2009450.0,5.906083333333333,5.994333333333339,6.198541666666671
290,2020-01-20,6.14,6.28,6.11,6.26,3081050.0,5.910166666666667,5.991000000000006,6.199625000000004
291,2020-01-21,6.26,6.27,6.16,6.16,2415550.0,5.913250000000001,5.988722222222228,6.200500000000004
292,2020-01-22,6.14,6.29,6.12,6.29,3217784.0,5.917333333333334,5.986277777777784,6.201958333333337
293,2020-01-23,6.26,6.3,6.01,6.08,3832334.0,5.919416666666667,5.985333333333339,6.203333333333337
294,2020-02-03,5.47,5.54,5.47,5.47,2943100.0,5.917166666666668,5.980388888888895,6.202333333333337
295,2020-02-04,5.15,5.43,5.15,5.35,4691263.0,5.913750000000001,5.974666666666672,6.201333333333337
296,2020-02-05,5.34,5.54,5.34,5.51,3760551.0,5.912083333333333,5.970111111111117,6.20029166666667
297,2020-02-06,5.51,5.64,5.42,5.57,3947365.0,5.911833333333334,5.9645000000000055,6.199083333333337
298,2020-02-07,5.54,5.59,5.45,5.54,3379133.0,5.912916666666667,5.958666666666673,6.197375000000004
299,2020-02-10,5.54,5.74,5.48,5.7,3514901.0,5.915416666666668,5.954166666666673,6.195958333333337
300,2020-02-11,5.69,5.7,5.61,5.64,1838368.0,5.917416666666668,5.948888888888896,6.194166666666671
301,2020-02-12,5.62,5.69,5.59,5.68,1907450.0,5.919916666666667,5.943611111111118,6.192625000000005
302,2020-02-13,5.68,5.73,5.56,5.58,2588316.0,5.920833333333334,5.939277777777785,6.189791666666671
303,2020-02-14,5.55,5.62,5.54,5.59,2124675.0,5.921916666666667,5.935166666666674,6.187250000000004
304,2020-02-17,5.6,5.76,5.59,5.75,3254063.0,5.9245,5.931555555555562,6.1850833333333375
305,2020-02-18,5.74,5.86,5.73,5.85,3560214.0,5.928000000000001,5.929055555555562,6.183458333333337
306,2020-02-19,5.87,5.87,5.78,5.79,2875575.0,5.930583333333334,5.926666666666673,6.181000000000003
307,2020-02-20,5.8,5.95,5.77,5.91,4455826.0,5.932083333333334,5.925555555555563,6.177708333333337
308,2020-02-21,5.93,5.99,5.84,5.89,5142350.0,5.928583333333334,5.923111111111119,6.17441666666667
309,2020-02-24,5.86,5.88,5.76,5.85,5061703.0,5.925916666666668,5.920611111111119,6.171125000000003
310,2020-02-25,5.69,5.74,5.55,5.73,5989971.0,5.922250000000002,5.9175555555555635,6.167166666666669
311,2020-02-26,5.65,5.9,5.61,5.83,6186151.0,5.920916666666669,5.915388888888897,6.163708333333335
312,2020-02-27,5.83,5.87,5.78,5.81,3149525.0,5.920166666666669,5.91333333333334,6.1600833333333345
313,2020-02-28,5.65,5.72,5.48,5.5,5770050.0,5.915666666666668,5.910388888888896,6.154416666666668
314,2020-03-02,5.52,5.89,5.52,5.85,6283555.0,5.914083333333336,5.90994444444445,6.149750000000001
315,2020-03-03,5.9,6.04,5.8,5.85,7119551.0,5.912833333333336,5.90894444444445,6.144583333333334
316,2020-03-04,5.82,6.17,5.77,6.07,9321882.0,5.914333333333336,5.91044444444445,6.1420416666666675
317,2020-03-05,6.11,6.12,6.02,6.09,6922875.0,5.914583333333337,5.911777777777783,6.138625
318,2020-03-06,6.04,6.09,5.97,6.06,4454650.0,5.914833333333337,5.911611111111117,6.134541666666666
319,2020-03-09,5.98,6.03,5.83,5.85,4806434.0,5.912833333333337,5.910277777777783,6.129833333333333
320,2020-03-10,5.79,5.98,5.66,5.98,5380303.0,5.911666666666671,5.909333333333339,6.1267499999999995
321,2020-03-11,5.99,6.02,5.88,5.89,4182550.0,5.910250000000004,5.908500000000006,6.121958333333334
322,2020-03-12,5.84,6.01,5.75,5.92,4691245.0,5.908500000000004,5.907888888888896,6.116833333333333
323,2020-03-13,5.74,5.83,5.58,5.78,4306741.0,5.9049166666666695,5.9066111111111175,6.111291666666667
324,2020-03-16,5.82,5.86,5.55,5.55,3965637.0,5.899500000000002,5.903666666666673,6.104208333333333
325,2020-03-17,5.59,5.66,5.44,5.65,3273140.0,5.894916666666669,5.900722222222229,6.097708333333333
326,2020-03-18,5.67,5.75,5.56,5.56,2872450.0,5.8900000000000015,5.896722222222229,6.090166666666667
327,2020-03-19,5.56,5.63,5.5,5.62,2266185.0,5.886416666666668,5.893111111111117,6.0837916666666665
328,2020-03-20,5.64,5.75,5.63,5.71,2703236.0,5.883750000000003,5.890277777777784,6.078208333333333
329,2020-03-23,5.64,5.64,5.51,5.52,2632726.0,5.879083333333336,5.886500000000006,6.071625
330,2020-03-24,5.58,5.74,5.55,5.74,2603726.0,5.876666666666669,5.883611111111117,6.066583333333333
331,2020-03-25,5.81,5.83,5.73,5.79,2656126.0,5.875250000000002,5.881722222222227,6.061041666666667
332,2020-03-26,5.75,5.75,5.64,5.67,2334500.0,5.872500000000001,5.878277777777783,6.054125000000001
333,2020-03-27,5.71,5.84,5.66,5.66,5164583.0,5.870666666666668,5.874888888888895,6.046458333333335
334,2020-03-30,5.62,5.63,5.45,5.53,3689000.0,5.868833333333334,5.871166666666673,6.038125000000002
335,2020-03-31,5.56,5.58,5.46,5.48,2234950.0,5.865666666666668,5.867166666666672,6.029833333333334
336,2020-04-01,5.47,5.56,5.46,5.47,2142725.0,5.863500000000001,5.863611111111117,6.021041666666668
337,2020-04-02,5.46,5.57,5.44,5.55,2275153.0,5.861583333333334,5.861666666666673,6.012625000000002
338,2020-04-03,5.54,5.59,5.46,5.54,2671905.0,5.858750000000001,5.859611111111116,6.0044166666666685
339,2020-04-07,5.58,6.08,5.57,5.94,11860004.0,5.858333333333334,5.85994444444445,5.998583333333335
340,2020-04-08,5.98,6.15,5.77,5.84,12763666.0,5.856833333333335,5.860055555555561,5.992291666666669
341,2020-04-09,5.92,5.96,5.79,5.85,7643594.0,5.8548333333333344,5.859777777777781,5.986500000000002
342,2020-04-10,5.86,5.92,5.66,5.69,6287470.0,5.851666666666668,5.858222222222226,5.979375000000002
343,2020-04-13,5.69,5.7,5.57,5.59,2511203.0,5.848250000000002,5.856000000000003,5.971666666666668
344,2020-04-14,5.61,5.69,5.61,5.68,1715300.0,5.846166666666668,5.854611111111114,5.964291666666668
345,2020-04-15,5.68,5.69,5.55,5.55,2803750.0,5.843083333333335,5.853000000000003,5.956333333333334
346,2020-04-16,5.55,5.59,5.52,5.55,1731850.0,5.840833333333334,5.851277777777781,5.948583333333334
347,2020-04-17,5.59,5.62,5.54,5.56,2492675.0,5.83825,5.850833333333337,5.941916666666667
348,2020-04-20,5.56,5.6,5.55,5.58,1952425.0,5.835833333333334,5.850166666666669,5.934916666666666
349,2020-04-21,5.58,5.58,5.48,5.55,1965150.0,5.832833333333334,5.849000000000002,5.929458333333333
350,2020-04-22,5.52,5.76,5.51,5.65,3700595.0,5.83,5.848333333333336,5.9244166666666676
351,2020-04-23,5.66,5.66,5.52,5.59,2721250.0,5.826166666666667,5.847222222222225,5.920333333333334
352,2020-04-24,5.56,5.58,5.45,5.46,3217850.0,5.821666666666668,5.845333333333336,5.915041666666667
353,2020-04-27,5.46,5.47,5.42,5.43,1508450.0,5.817000000000001,5.8431111111111145,5.911625000000001
354,2020-04-28,5.43,5.46,5.19,5.33,2554865.0,5.811416666666668,5.840833333333337,5.907333333333335
355,2020-04-29,5.31,5.36,5.24,5.31,2012368.0,5.805666666666667,5.8383333333333365,5.902875
356,2020-04-30,5.28,5.36,5.28,5.32,3615360.0,5.799750000000001,5.836166666666669,5.898666666666667
357,2020-05-06,5.29,5.34,5.23,5.33,2248208.0,5.793750000000002,5.834666666666669,5.893458333333333
358,2020-05-07,5.33,5.38,5.28,5.3,2302855.0,5.787916666666669,5.834055555555557,5.888083333333333
359,2020-05-08,5.31,5.37,5.3,5.35,2202958.0,5.782916666666668,5.833777777777779,5.88325
360,2020-05-11,5.36,5.39,5.28,5.31,2092708.0,5.778000000000001,5.833277777777778,5.877916666666667
361,2020-05-12,5.28,5.31,5.22,5.26,1551700.0,5.774416666666667,5.8326111111111105,5.872208333333333
362,2020-05-13,5.25,5.36,5.23,5.35,2007070.0,5.7715000000000005,5.831944444444443,5.867999999999999
363,2020-05-14,5.31,5.39,5.31,5.33,2268850.0,5.768583333333335,5.8312222222222205,5.863833333333333
364,2020-05-15,5.36,5.59,5.34,5.49,8213445.0,5.767000000000001,5.8314999999999975,5.860041666666666
365,2020-05-18,5.49,5.52,5.35,5.37,4391923.0,5.765333333333334,5.831166666666664,5.856166666666666
366,2020-05-19,5.41,5.41,5.35,5.4,3161525.0,5.763750000000001,5.83072222222222,5.8527499999999995
367,2020-05-20,5.36,5.4,5.32,5.38,2843350.0,5.761083333333334,5.828777777777775,5.849708333333334
368,2020-05-21,5.39,5.47,5.35,5.38,3493348.0,5.759,5.82361111111111,5.845750000000001
369,2020-05-22,5.33,5.39,5.25,5.3,2459650.0,5.756083333333334,5.818777777777776,5.841583333333334
370,2020-05-25,5.3,5.31,5.27,5.31,1400500.0,5.7530833333333335,5.813999999999997,5.8375416666666675
371,2020-05-26,5.31,5.4,5.29,5.38,2493448.0,5.75,5.810611111111109,5.834041666666668
372,2020-05-27,5.38,5.52,5.37,5.51,6617675.0,5.747833333333333,5.808444444444442,5.831250000000001
373,2020-05-28,5.47,5.56,5.46,5.56,5262325.0,5.746583333333333,5.8057777777777755,5.829291666666667
374,2020-05-29,5.59,6.12,5.54,6.12,11055353.0,5.7500833333333325,5.806222222222219,5.8300833333333335
375,2020-06-01,6.04,6.12,5.9,5.93,23272639.0,5.751833333333332,5.8058333333333305,5.829666666666667
376,2020-06-02,5.85,5.93,5.8,5.85,9258575.0,5.751916666666665,5.805611111111107,5.829875
377,2020-06-03,5.81,5.86,5.67,5.7,9174430.0,5.750499999999999,5.803611111111108,5.829250000000001
378,2020-06-04,5.71,5.75,5.66,5.74,5140745.0,5.749583333333332,5.801999999999997,5.827791666666668
379,2020-06-05,5.74,5.75,5.62,5.67,3282250.0,5.747916666666665,5.799666666666664,5.826041666666669
380,2020-06-08,5.67,5.7,5.61,5.64,2753002.0,5.745999999999998,5.796999999999999,5.823916666666668
381,2020-06-09,5.62,5.66,5.61,5.65,2228852.0,5.744333333333331,5.794722222222222,5.822291666666669
382,2020-06-10,5.64,5.69,5.6,5.66,2062050.0,5.742666666666664,5.792111111111111,5.820750000000003
383,2020-06-11,5.64,5.69,5.54,5.56,2961300.0,5.740583333333331,5.788499999999999,5.818875000000003
384,2020-06-12,5.46,5.52,5.36,5.49,2978127.0,5.738249999999997,5.784555555555555,5.81641666666667
385,2020-06-15,5.46,5.53,5.46,5.46,1752550.0,5.734999999999998,5.780444444444443,5.81341666666667
386,2020-06-16,5.49,5.53,5.46,5.51,1833802.0,5.7314166666666635,5.776888888888887,5.810208333333336
387,2020-06-17,5.51,5.65,5.46,5.58,3304568.0,5.727916666666664,5.774277777777776,5.807333333333336
388,2020-06-18,5.56,5.58,5.53,5.55,1762350.0,5.72408333333333,5.771611111111109,5.804541666666669
389,2020-06-19,5.54,5.58,5.52,5.55,1613027.0,5.719999999999997,5.768666666666665,5.801833333333335
390,2020-06-22,5.55,5.64,5.53,5.54,2250700.0,5.7161666666666635,5.765944444444442,5.798833333333335
391,2020-06-23,5.55,5.56,5.45,5.45,2227800.0,5.71258333333333,5.763111111111109,5.796000000000002
392,2020-06-24,5.46,5.5,5.45,5.48,2176349.0,5.708583333333331,5.760222222222221,5.792625000000002
393,2020-06-29,5.47,5.47,5.4,5.42,1279885.0,5.70408333333333,5.7576666666666645,5.789083333333336
394,2020-06-30,5.46,5.47,5.4,5.45,1262910.0,5.6994166666666635,5.7559999999999985,5.785958333333336
395,2020-07-01,5.46,5.52,5.46,5.5,2518993.0,5.695416666666663,5.753999999999999,5.783041666666668
396,2020-07-02,5.5,5.59,5.48,5.59,4030231.0,5.691666666666664,5.75322222222222,5.780875000000003
397,2020-07-03,5.58,5.66,5.56,5.63,3732759.0,5.688166666666664,5.752388888888888,5.779750000000003
398,2020-07-06,5.66,5.84,5.61,5.81,6375991.0,5.685499999999997,5.751999999999998,5.779333333333335
399,2020-07-07,5.85,5.88,5.77,5.77,6032191.0,5.6824999999999966,5.750777777777776,5.778875000000001
400,2020-07-08,5.78,5.93,5.74,5.91,6172603.0,5.680416666666663,5.750166666666665,5.779250000000002
401,2020-07-09,5.89,5.99,5.86,5.96,6332004.0,5.678166666666664,5.7494444444444435,5.779500000000001
402,2020-07-10,5.97,6.3,5.9,5.97,9431544.0,5.677166666666664,5.748888888888889,5.779500000000001
403,2020-07-13,5.91,6.15,5.91,6.11,7382341.0,5.675583333333331,5.749499999999999,5.780000000000001
404,2020-07-14,6.11,6.28,6.03,6.16,7971690.0,5.6743333333333315,5.750777777777777,5.780958333333334
405,2020-07-15,6.18,6.22,6.0,6.08,5820431.0,5.672749999999998,5.751666666666665,5.781958333333335
406,2020-07-16,6.09,6.13,5.88,5.98,6171300.0,5.670416666666665,5.7525555555555545,5.782458333333335
407,2020-07-17,5.91,5.98,5.82,5.92,3084041.0,5.668166666666664,5.752833333333333,5.783625000000002
408,2020-07-20,5.95,6.07,5.94,6.07,6319068.0,5.667499999999999,5.7539444444444445,5.785166666666668
409,2020-07-21,6.06,6.13,5.98,6.05,3460575.0,5.666666666666665,5.754722222222222,5.786375000000001
410,2020-07-22,6.05,6.15,6.03,6.05,4138400.0,5.664916666666665,5.755055555555555,5.787541666666668
411,2020-07-23,6.02,6.05,5.8,6.01,4344150.0,5.663666666666665,5.754833333333333,5.788458333333335
412,2020-07-24,5.98,6.04,5.78,5.82,4003150.0,5.659749999999999,5.753833333333333,5.788541666666668
413,2020-07-27,5.8,5.87,5.74,5.86,2873575.0,5.657916666666665,5.753111111111109,5.788666666666668
414,2020-07-28,5.88,5.95,5.85,5.9,2448875.0,5.661499999999998,5.7525555555555545,5.789333333333334
415,2020-07-29,5.89,5.97,5.8,5.96,4290655.0,5.666583333333332,5.752333333333333,5.790166666666668
416,2020-07-30,5.94,5.97,5.89,5.9,2841545.0,5.669833333333331,5.751611111111111,5.790958333333335
417,2020-07-31,5.9,5.99,5.86,5.99,3929785.0,5.673333333333331,5.751277777777778,5.792583333333336
418,2020-08-03,6.01,6.2,6.0,6.13,7081060.0,5.678249999999998,5.752000000000001,5.795583333333336
419,2020-08-04,6.15,6.21,6.08,6.18,5067941.0,5.682249999999997,5.753277777777779,5.798833333333335
420,2020-08-05,6.16,6.25,6.1,6.2,5610858.0,5.686916666666664,5.754944444444445,5.802166666666668
421,2020-08-06,6.21,6.35,6.15,6.21,6681838.0,5.691333333333332,5.757833333333334,5.805625000000002
422,2020-08-07,6.21,6.38,6.08,6.28,7136309.0,5.697166666666664,5.761055555555556,5.809000000000001
423,2020-08-10,6.33,6.91,6.31,6.91,18154039.0,5.708166666666664,5.767888888888889,5.815041666666668
424,2020-08-11,7.0,7.6,6.96,7.16,45222460.0,5.719916666666664,5.776111111111112,5.822208333333335
425,2020-08-12,7.01,7.88,7.01,7.65,48282086.0,5.734916666666663,5.787666666666667,5.831458333333335
426,2020-08-13,7.35,7.44,7.08,7.17,28420324.0,5.746416666666663,5.796444444444447,5.838500000000002
427,2020-08-14,7.03,7.12,6.71,6.91,20076376.0,5.754749999999997,5.803166666666669,5.843416666666669
428,2020-08-17,6.88,6.98,6.8,6.94,12851509.0,5.763499999999997,5.810444444444446,5.846041666666669
429,2020-08-18,6.95,6.96,6.75,6.85,12363108.0,5.771833333333331,5.817111111111112,5.848875000000002
430,2020-08-19,6.8,6.84,6.6,6.62,11577923.0,5.779249999999997,5.822388888888889,5.8507500000000014
431,2020-08-20,6.57,6.72,6.56,6.69,7322360.0,5.786416666666664,5.8276111111111115,5.853666666666668
432,2020-08-21,6.69,6.73,6.56,6.62,6426405.0,5.793166666666664,5.832333333333333,5.856666666666667
433,2020-08-24,6.64,6.64,6.48,6.54,5687959.0,5.801833333333331,5.836944444444444,5.858750000000001
434,2020-08-25,6.53,6.62,6.51,6.57,5336975.0,5.807833333333331,5.841777777777777,5.8609583333333335
435,2020-08-26,6.57,6.58,6.37,6.38,6592536.0,5.812249999999997,5.8454444444444436,5.862541666666668
436,2020-08-27,6.35,6.48,6.33,6.45,4325200.0,5.815416666666664,5.848833333333333,5.8648750000000005
437,2020-08-28,6.48,6.54,6.4,6.54,4255287.0,5.819166666666663,5.852555555555556,5.866875000000001
438,2020-08-31,6.55,6.65,6.48,6.48,5375650.0,5.822666666666664,5.856055555555557,5.868750000000001
439,2020-09-01,6.47,6.5,6.37,6.49,4198113.0,5.827999999999998,5.8595000000000015,5.870416666666668
440,2020-09-02,6.46,6.63,6.41,6.61,5527913.0,5.833249999999997,5.863611111111113,5.872458333333335
441,2020-09-03,6.61,6.65,6.47,6.48,4126300.0,5.838166666666664,5.867111111111114,5.874208333333335
442,2020-09-04,6.4,6.45,6.35,6.42,4446400.0,5.842333333333331,5.870222222222226,5.875416666666668
443,2020-09-07,6.42,6.55,6.4,6.41,4563450.0,5.847583333333331,5.873555555555559,5.8762500000000015
444,2020-09-08,6.38,6.52,6.37,6.52,3861384.0,5.855666666666664,5.877722222222226,5.877583333333335
445,2020-09-09,6.46,6.67,6.43,6.45,6904875.0,5.862333333333331,5.881055555555561,5.878625000000001
446,2020-09-10,6.47,6.5,6.12,6.14,6645875.0,5.867166666666665,5.882166666666672,5.878583333333335
447,2020-09-11,6.13,6.22,6.06,6.19,2936778.0,5.871916666666666,5.883222222222227,5.879166666666668
448,2020-09-14,6.21,6.29,6.17,6.26,2289050.0,5.876499999999998,5.884611111111116,5.880125000000002
449,2020-09-15,6.26,6.27,6.14,6.21,2146500.0,5.882249999999999,5.885555555555561,5.880666666666669
450,2020-09-16,6.21,6.26,6.11,6.21,1744425.0,5.886166666666666,5.886722222222228,5.881416666666669
451,2020-09-17,6.2,6.27,6.15,6.23,2183100.0,5.889833333333333,5.888666666666672,5.882541666666669
452,2020-09-18,6.25,6.37,6.2,6.34,2774509.0,5.895416666666667,5.8907777777777826,5.883958333333336
453,2020-09-21,6.34,6.38,6.28,6.31,2140792.0,5.900833333333334,5.892722222222226,5.885750000000002
454,2020-09-22,6.29,6.29,6.11,6.15,2757425.0,5.906000000000001,5.893500000000005,5.8874166666666685
455,2020-09-23,6.18,6.21,6.14,6.19,1478750.0,5.911916666666667,5.894666666666671,5.888791666666669
456,2020-09-24,6.16,6.16,6.02,6.02,2557878.0,5.9165,5.89455555555556,5.890000000000002
457,2020-09-25,6.02,6.06,5.89,5.91,3425200.0,5.9195,5.8937777777777836,5.890541666666669
458,2020-09-28,5.92,5.94,5.8,5.8,2021397.0,5.921666666666667,5.891944444444449,5.8902083333333355
459,2020-09-29,5.84,5.93,5.8,5.88,2141500.0,5.921166666666666,5.890555555555561,5.889750000000003
460,2020-09-30,5.88,5.9,5.78,5.82,2014700.0,5.921,5.888666666666671,5.8889166666666695
461,2020-10-09,5.88,6.12,5.88,6.05,4222731.0,5.922666666666666,5.887666666666671,5.888750000000003
462,2020-10-12,6.13,6.3,6.07,6.27,5627625.0,5.927499999999998,5.888666666666671,5.889583333333336
463,2020-10-13,6.27,6.35,6.21,6.31,4464787.0,5.933499999999998,5.888722222222226,5.890875000000003
464,2020-10-14,6.33,6.33,6.16,6.21,3170050.0,5.937916666666665,5.888166666666671,5.892041666666669
465,2020-10-15,6.18,6.25,6.15,6.18,2283131.0,5.943166666666666,5.8876666666666715,5.893125000000002
466,2020-10-16,6.2,6.23,6.13,6.19,1699100.0,5.948499999999999,5.887277777777783,5.894666666666669
467,2020-10-19,6.18,6.28,6.17,6.17,2098550.0,5.953583333333333,5.887166666666672,5.89591666666667
468,2020-10-20,6.16,6.28,6.14,6.26,1913150.0,5.959249999999999,5.887777777777782,5.897541666666671
469,2020-10-21,6.25,6.25,6.07,6.13,2863581.0,5.964083333333333,5.8876666666666715,5.898458333333338
470,2020-10-22,6.09,6.16,6.07,6.12,1396500.0,5.968,5.886888888888893,5.899000000000004
471,2020-10-23,6.1,6.17,6.02,6.03,1679550.0,5.971666666666666,5.8861666666666705,5.89891666666667
472,2020-10-26,6.03,6.12,5.98,6.06,1501900.0,5.976666666666665,5.884888888888892,5.8991666666666704
473,2020-10-27,6.04,6.09,5.95,5.99,1821900.0,5.981333333333333,5.884388888888893,5.8991666666666704
474,2020-10-28,6.06,6.25,6.06,6.24,6553747.0,5.9889166666666656,5.888666666666671,5.90016666666667
475,2020-10-29,6.16,6.45,6.14,6.39,7738347.0,5.997916666666666,5.894444444444449,5.9017916666666705
476,2020-10-30,6.38,6.44,6.18,6.25,5712980.0,6.005666666666666,5.898555555555561,5.902708333333337
477,2020-11-02,6.28,6.36,6.23,6.33,4363300.0,6.0139999999999985,5.902777777777783,5.903875000000004
478,2020-11-03,6.35,6.53,6.32,6.51,6754128.0,6.024083333333333,5.908166666666672,5.906000000000004
479,2020-11-04,6.47,6.58,6.38,6.5,4183676.0,6.033666666666665,5.912611111111116,5.9082916666666705
480,2020-11-05,6.47,6.52,6.43,6.5,4104080.0,6.043583333333332,5.917388888888893,5.91079166666667
481,2020-11-06,6.5,6.5,6.3,6.35,4520236.0,6.052666666666666,5.921111111111115,5.91354166666667
482,2020-11-09,6.37,6.48,6.36,6.47,4468524.0,6.061999999999999,5.92605555555556,5.916750000000003
483,2020-11-10,6.51,6.52,6.37,6.42,3560699.0,6.071083333333332,5.930666666666672,5.919833333333336
484,2020-11-11,6.44,6.72,6.42,6.59,8636675.0,6.080249999999999,5.935333333333338,5.923625000000002
485,2020-11-12,6.55,6.57,6.43,6.5,4116850.0,6.089666666666665,5.9389444444444495,5.927500000000003
486,2020-11-13,6.44,6.44,6.36,6.41,2851699.0,6.098083333333332,5.942388888888894,5.93091666666667
487,2020-11-16,6.42,6.57,6.38,6.57,4128947.0,6.108,5.94605555555556,5.93454166666667
488,2020-11-17,6.56,6.68,6.51,6.65,6368574.0,6.118583333333333,5.950277777777782,5.93879166666667
489,2020-11-18,6.64,6.73,6.57,6.59,6117899.0,6.129333333333333,5.954388888888894,5.942708333333335
490,2020-11-19,6.59,6.79,6.56,6.77,6227500.0,6.1415,5.960166666666671,5.947291666666668
491,2020-11-20,6.79,6.79,6.66,6.74,4162200.0,6.152833333333334,5.965222222222227,5.951416666666669
492,2020-11-23,6.77,6.77,6.63,6.64,5230153.0,6.16225,5.969833333333339,5.955041666666669
493,2020-11-24,6.62,6.65,6.55,6.65,4831277.0,6.171333333333334,5.976222222222229,5.958958333333336
494,2020-11-25,6.64,6.66,6.4,6.4,5029000.0,6.173666666666667,5.979277777777785,5.961875000000003
495,2020-11-26,6.41,6.43,6.35,6.38,2278700.0,6.177416666666668,5.982222222222231,5.9646250000000025
496,2020-11-27,6.38,6.41,6.29,6.38,2762512.0,6.1818333333333335,5.983944444444454,5.9668750000000035
497,2020-11-30,6.38,6.5,6.33,6.44,3046200.0,6.188000000000001,5.9858888888888995,5.969250000000004
498,2020-12-01,6.41,6.55,6.41,6.51,2894375.0,6.194416666666667,5.9883888888889,5.972000000000005
499,2020-12-02,6.51,6.56,6.45,6.47,2619550.0,6.201083333333334,5.991833333333345,5.974500000000005
500,2020-12-03,6.45,6.49,6.37,6.47,2604750.0,6.208000000000001,5.994555555555567,5.977000000000006
501,2020-12-04,6.48,6.49,6.38,6.4,1979500.0,6.214250000000002,5.9973888888889,5.979291666666673
502,2020-12-07,6.4,6.4,6.32,6.33,1883850.0,6.2198333333333355,5.999666666666677,5.981250000000006
503,2020-12-08,6.36,6.38,6.25,6.28,2130450.0,6.225833333333336,6.002444444444455,5.98320833333334
504,2020-12-09,6.28,6.29,6.1,6.11,2883850.0,6.2310000000000025,6.005555555555565,5.9846250000000065
505,2020-12-10,6.09,6.2,6.09,6.15,1918200.0,6.236750000000002,6.0083333333333435,5.985875000000007
506,2020-12-11,6.15,6.18,5.98,6.03,3317800.0,6.241083333333335,6.010944444444455,5.986250000000007
507,2020-12-14,6.04,6.08,5.98,6.07,1471225.0,6.245166666666668,6.013444444444455,5.986541666666673
508,2020-12-15,6.06,6.06,5.98,6.05,1620160.0,6.249333333333335,6.015333333333343,5.98670833333334
509,2020-12-16,6.03,6.09,6.0,6.01,1344100.0,6.253166666666669,6.0180555555555655,5.98658333333334
510,2020-12-17,6.01,6.06,5.86,6.04,2759300.0,6.257333333333335,6.019722222222232,5.986750000000006
511,2020-12-18,6.04,6.12,6.0,6.05,1980750.0,6.262333333333334,6.0211666666666765,5.987458333333339
512,2020-12-21,6.05,6.16,6.01,6.13,2290600.0,6.267750000000001,6.023722222222232,5.988166666666673
513,2020-12-22,6.11,6.18,6.05,6.05,2526510.0,6.273000000000001,6.025888888888899,5.988541666666673
514,2020-12-23,6.03,6.16,6.01,6.09,2784600.0,6.278333333333334,6.029000000000009,5.9888750000000055
515,2020-12-24,6.11,6.11,5.75,5.82,5322513.0,6.2810000000000015,6.030888888888898,5.988208333333338
516,2020-12-25,5.8,5.88,5.73,5.83,2688747.0,6.283000000000001,6.0328888888888965,5.987333333333338
517,2020-12-28,5.83,5.86,5.66,5.69,3020809.0,6.283500000000002,6.033666666666675,5.985833333333338
518,2020-12-29,5.68,5.8,5.63,5.71,1904184.0,6.282666666666669,6.03461111111112,5.984083333333339
519,2020-12-30,5.72,5.77,5.69,5.72,1599650.0,6.282250000000003,6.033388888888898,5.982375000000005
520,2020-12-31,5.72,5.82,5.71,5.79,2080000.0,6.281250000000003,6.03311111111112,5.980833333333337
521,2021-01-04,5.8,5.82,5.73,5.79,2995463.0,6.279833333333335,6.032777777777787,5.979000000000004
522,2021-01-05,5.78,5.78,5.66,5.69,2977102.0,6.2775000000000025,6.032777777777787,5.977333333333338
523,2021-01-06,5.7,5.7,5.56,5.58,2582987.0,6.273083333333336,6.032722222222231,5.9743333333333375
524,2021-01-07,5.58,5.6,5.37,5.41,3725188.0,6.266833333333336,6.031222222222231,5.970583333333338
525,2021-01-08,5.39,5.51,5.23,5.44,2843500.0,6.2615000000000025,6.030611111111122,5.967125000000006
526,2021-01-11,5.44,5.44,5.24,5.26,3105475.0,6.255500000000002,6.029000000000011,5.962958333333338
527,2021-01-12,5.27,5.36,5.24,5.32,2587800.0,6.250500000000003,6.0276666666666765,5.959333333333338
528,2021-01-13,5.33,5.33,5.17,5.21,3427600.0,6.243333333333337,6.025611111111122,5.955416666666671
529,2021-01-14,5.21,5.3,5.17,5.26,1758139.0,6.236750000000003,6.024000000000011,5.951708333333338
530,2021-01-15,5.28,5.38,5.25,5.35,1989600.0,6.230916666666671,6.022333333333344,5.9479166666666705
531,2021-01-18,5.35,5.42,5.35,5.39,2404427.0,6.225750000000004,6.021222222222233,5.944708333333337
532,2021-01-19,5.39,5.49,5.34,5.41,2712250.0,6.222333333333337,6.0209444444444555,5.941041666666671
533,2021-01-20,5.4,5.45,5.33,5.39,1674522.0,6.21841666666667,6.020722222222234,5.938166666666672
534,2021-01-21,5.37,5.48,5.35,5.41,2414625.0,6.214333333333337,6.021166666666679,5.937916666666672
535,2021-01-22,5.41,5.41,5.27,5.28,1990872.0,6.208666666666669,6.021000000000012,5.937625000000006
536,2021-01-25,5.29,5.29,5.1,5.13,3156250.0,6.202250000000003,6.019944444444458,5.936041666666672
537,2021-01-26,5.13,5.21,5.09,5.14,1439650.0,6.195166666666669,6.018888888888903,5.934250000000007
538,2021-01-27,5.12,5.18,5.11,5.17,1677197.0,6.187166666666669,6.018166666666682,5.93270833333334
539,2021-01-28,5.16,5.21,5.1,5.11,1663800.0,6.178250000000003,6.016833333333349,5.930250000000006
540,2021-01-29,5.12,5.2,5.02,5.18,3572577.0,6.169750000000002,6.016111111111127,5.92833333333334
541,2021-02-01,5.16,5.17,5.04,5.11,2163202.0,6.160583333333335,6.015277777777793,5.925958333333339
542,2021-02-02,5.11,5.13,5.06,5.08,1581131.0,6.150583333333335,6.013777777777793,5.923875000000006
543,2021-02-03,5.09,5.09,4.99,4.99,2646678.0,6.134583333333336,6.011888888888905,5.9213750000000065
544,2021-02-04,4.92,4.98,4.84,4.91,2982283.0,6.115833333333336,6.008666666666683,5.917875000000007
545,2021-02-05,4.88,5.07,4.88,4.96,2105425.0,6.09341666666667,6.006388888888906,5.914166666666674
546,2021-02-08,4.97,5.03,4.9,5.03,1862422.0,6.075583333333337,6.004333333333349,5.911000000000007
547,2021-02-09,5.01,5.07,5.0,5.04,1429150.0,6.060000000000003,6.00244444444446,5.907375000000006
548,2021-02-10,5.02,5.07,4.98,4.99,2051425.0,6.043750000000003,6.000277777777793,5.903625000000006
549,2021-02-18,5.01,5.11,5.0,5.1,3147200.0,6.0291666666666694,5.999166666666682,5.900500000000006
550,2021-02-19,5.1,5.26,5.1,5.26,2991577.0,6.0178333333333365,5.998888888888904,5.898541666666673
551,2021-02-22,5.27,5.42,5.26,5.3,4413275.0,6.006250000000002,5.998444444444458,5.89633333333334
552,2021-02-23,5.3,5.35,5.26,5.28,2301595.0,5.995083333333335,5.997166666666681,5.894125000000006
553,2021-02-24,5.32,5.35,5.28,5.33,2428000.0,5.985000000000002,5.995888888888903,5.893416666666672
554,2021-02-25,5.33,5.39,5.29,5.33,2307750.0,5.974666666666669,5.9915000000000145,5.891250000000006
555,2021-02-26,5.28,5.34,5.23,5.31,1883847.0,5.965750000000002,5.988055555555569,5.8890000000000065
556,2021-03-01,5.31,5.48,5.31,5.4,2671650.0,5.957000000000002,5.98555555555557,5.88620833333334
557,2021-03-02,5.39,5.42,5.32,5.35,2203100.0,5.947083333333335,5.9836111111111245,5.883125000000007
558,2021-03-03,5.37,5.4,5.29,5.37,3257250.0,5.937833333333335,5.981555555555569,5.880250000000006
559,2021-03-04,5.36,5.44,5.33,5.39,3711650.0,5.928666666666668,5.980000000000013,5.878333333333341
560,2021-03-05,5.38,5.46,5.36,5.45,4302550.0,5.919000000000001,5.9789444444444575,5.876125000000007
561,2021-03-08,5.61,6.0,5.61,6.0,8068909.0,5.915000000000002,5.980888888888901,5.876583333333341
562,2021-03-09,6.6,6.6,6.6,6.6,9238421.0,5.916500000000002,5.986111111111122,5.879416666666673
563,2021-03-10,7.26,7.26,6.33,6.65,67239717.0,5.9185000000000025,5.992166666666678,5.883041666666673
564,2021-03-11,6.29,6.59,6.07,6.33,45098936.0,5.916916666666669,5.9968333333333455,5.886291666666674
565,2021-03-12,6.15,6.4,6.01,6.22,32307185.0,5.915000000000003,6.001055555555567,5.888666666666674
566,2021-03-15,6.13,6.3,6.08,6.16,21920623.0,5.915166666666669,6.004666666666679,5.891166666666674
567,2021-03-16,6.12,6.48,6.09,6.32,28514471.0,5.9162500000000025,6.00877777777779,5.894083333333341
568,2021-03-17,6.22,6.4,6.1,6.11,22389110.0,5.915000000000003,6.011888888888901,5.895750000000007
569,2021-03-18,6.01,6.09,5.78,5.97,22605204.0,5.913000000000002,6.014222222222235,5.897625000000007
570,2021-03-19,5.9,6.06,5.82,5.89,14776946.0,5.910333333333336,6.016166666666679,5.898250000000007
571,2021-03-22,5.87,6.1,5.87,6.03,15982770.0,5.908666666666668,6.019388888888901,5.899250000000007
572,2021-03-23,6.02,6.12,5.85,5.87,13842750.0,5.904750000000002,6.021555555555567,5.90008333333334
573,2021-03-24,5.82,5.95,5.72,5.75,11561200.0,5.900083333333336,6.023388888888901,5.900458333333339
574,2021-03-25,5.73,5.78,5.62,5.64,8531800.0,5.895833333333335,6.024444444444456,5.9009166666666735
575,2021-03-26,5.69,5.87,5.66,5.78,8831150.0,5.8924166666666675,6.026000000000011,5.902166666666673
576,2021-03-29,5.84,5.88,5.75,5.82,7430054.0,5.8907500000000015,6.0272777777777895,5.903625000000006
577,2021-03-30,5.77,5.82,5.66,5.73,5894400.0,5.889250000000002,6.027833333333344,5.904375000000006
578,2021-03-31,5.68,5.86,5.66,5.84,6670252.0,5.889583333333336,6.028000000000011,5.905625000000006
579,2021-04-01,5.83,5.94,5.75,5.91,9826150.0,5.889833333333336,6.02877777777779,5.905500000000006
580,2021-04-02,5.86,5.89,5.75,5.79,6795800.0,5.889583333333335,6.028111111111122,5.905291666666673
581,2021-04-06,5.76,5.94,5.72,5.88,7711411.0,5.8881666666666685,6.027666666666678,5.905416666666674
582,2021-04-07,5.86,5.91,5.83,5.9,4980950.0,5.885083333333336,6.0272777777777895,5.906291666666674
583,2021-04-08,5.9,5.9,5.73,5.77,5950892.0,5.880583333333336,6.025388888888902,5.907041666666674
584,2021-04-09,5.73,5.82,5.7,5.77,4689050.0,5.876916666666669,6.023222222222234,5.907416666666674
585,2021-04-12,5.75,5.77,5.65,5.66,5755150.0,5.872583333333336,6.020888888888901,5.907875000000008
586,2021-04-13,5.69,5.72,5.63,5.68,3811400.0,5.868333333333335,6.019222222222235,5.9084166666666755
587,2021-04-14,5.63,5.81,5.61,5.8,5847100.0,5.865250000000001,6.018555555555568,5.909416666666675
588,2021-04-15,5.76,5.99,5.75,5.91,9398600.0,5.862333333333335,6.017666666666679,5.910791666666676
589,2021-04-16,5.94,6.14,5.87,6.1,13193180.0,5.862083333333334,6.017944444444457,5.913083333333343
590,2021-04-19,6.14,6.19,6.03,6.08,9028227.0,5.861750000000002,6.018111111111124,5.914875000000008
591,2021-04-20,6.04,6.13,6.03,6.06,5450850.0,5.862000000000001,6.018388888888901,5.916833333333342
592,2021-04-21,6.06,6.08,5.97,6.0,4592102.0,5.861500000000002,6.019388888888901,5.919083333333342
593,2021-04-22,6.0,6.11,5.97,6.07,4881450.0,5.862166666666669,6.0205555555555685,5.921750000000007
594,2021-04-23,6.06,6.09,5.92,5.97,4405558.0,5.859916666666669,6.020944444444457,5.924416666666675
595,2021-04-26,5.99,5.99,5.82,5.84,5254423.0,5.855333333333336,6.02027777777779,5.926625000000008
596,2021-04-27,5.8,5.84,5.71,5.77,4009105.0,5.8513333333333355,6.019555555555566,5.9285000000000085
597,2021-04-28,5.78,5.84,5.75,5.82,3075850.0,5.847083333333336,6.018611111111122,5.930541666666675
598,2021-04-29,5.78,5.85,5.76,5.8,2668000.0,5.841166666666669,6.016777777777788,5.932625000000008
599,2021-04-30,5.8,5.8,5.65,5.71,3929650.0,5.834583333333336,6.014166666666677,5.934125000000009
